"path","qualified_name","line","end_line","kind","source_sha256","disposition"
"deploy/backup_state.sh","cleanup","21","21","shell_function","09e7650a622358e0304b3340e561183aac401a92bb1dcde3735e50c43da76bb0","PRESERVE_AND_REGRESSION_TEST"
"deploy/bitcoin-bot-deploy","fail","28","28","shell_function","94b22f3209b70e3a82ce03cf0094c27c5648fda2690cf6f29850474f1035e923","PRESERVE_AND_REGRESSION_TEST"
"deploy/bitcoin-bot-deploy","require_canonical_dir","30","30","shell_function","94b22f3209b70e3a82ce03cf0094c27c5648fda2690cf6f29850474f1035e923","PRESERVE_AND_REGRESSION_TEST"
"deploy/bitcoin-bot-deploy","require_canonical_file","41","41","shell_function","94b22f3209b70e3a82ce03cf0094c27c5648fda2690cf6f29850474f1035e923","PRESERVE_AND_REGRESSION_TEST"
"deploy/bitcoin-bot-deploy","approved_digest","53","53","shell_function","94b22f3209b70e3a82ce03cf0094c27c5648fda2690cf6f29850474f1035e923","PRESERVE_AND_REGRESSION_TEST"
"deploy/bitcoin-bot-deploy","simulation_env_preflight","65","65","shell_function","94b22f3209b70e3a82ce03cf0094c27c5648fda2690cf6f29850474f1035e923","PRESERVE_AND_REGRESSION_TEST"
"deploy/bitcoin-bot-deploy","prepare_approved_artifact","170","170","shell_function","94b22f3209b70e3a82ce03cf0094c27c5648fda2690cf6f29850474f1035e923","PRESERVE_AND_REGRESSION_TEST"
"deploy/bitcoin-bot-deploy","verify_approved_archive","202","202","shell_function","94b22f3209b70e3a82ce03cf0094c27c5648fda2690cf6f29850474f1035e923","PRESERVE_AND_REGRESSION_TEST"
"deploy/bitcoin-bot-deploy","consume_approval","290","290","shell_function","94b22f3209b70e3a82ce03cf0094c27c5648fda2690cf6f29850474f1035e923","PRESERVE_AND_REGRESSION_TEST"
"deploy/bitcoin-bot-deploy","verify_runtime","305","305","shell_function","94b22f3209b70e3a82ce03cf0094c27c5648fda2690cf6f29850474f1035e923","PRESERVE_AND_REGRESSION_TEST"
"deploy/bitcoin-bot-deploy","cleanup","428","428","shell_function","94b22f3209b70e3a82ce03cf0094c27c5648fda2690cf6f29850474f1035e923","PRESERVE_AND_REGRESSION_TEST"
"deploy/create_oci_host_loss_alarm.sh","fail","5","5","shell_function","03ee979bff8fe813e0c462db0d81784db65d5e94445a41ed71546b782df91e8f","PRESERVE_AND_REGRESSION_TEST"
"deploy/host_capacity.py","validate","13","44","function","bbd33189cb9e3d48af3bc53130af2e220d609dbe4e3007273e83cf952a31b3dd","PRESERVE_AND_REGRESSION_TEST"
"deploy/host_capacity.py","running_projects","47","55","function","7ab463492885a069442921bfb21fffc91f652b663e54a421014d1d752a5ba773","PRESERVE_AND_REGRESSION_TEST"
"deploy/host_capacity.py","main","58","81","function","6f5f71a174d52c9d066eaa65b014b4aa37e35a59bc7637986aaf9fcfc7b08f26","PRESERVE_AND_REGRESSION_TEST"
"deploy/install_artifact.sh","load_instance_identity","6","6","shell_function","c0703d9b698dbb8272415c563e6187743fcad92cc04bb0cf7fe90515d17fcdd4","PRESERVE_AND_REGRESSION_TEST"
"deploy/install_artifact.sh","fail","35","35","shell_function","c0703d9b698dbb8272415c563e6187743fcad92cc04bb0cf7fe90515d17fcdd4","PRESERVE_AND_REGRESSION_TEST"
"deploy/install_artifact.sh","as_root","36","36","shell_function","c0703d9b698dbb8272415c563e6187743fcad92cc04bb0cf7fe90515d17fcdd4","PRESERVE_AND_REGRESSION_TEST"
"deploy/install_artifact.sh","env_file_fail","69","69","shell_function","c0703d9b698dbb8272415c563e6187743fcad92cc04bb0cf7fe90515d17fcdd4","PRESERVE_AND_REGRESSION_TEST"
"deploy/install_artifact.sh","env_file_key_allowed","75","75","shell_function","c0703d9b698dbb8272415c563e6187743fcad92cc04bb0cf7fe90515d17fcdd4","PRESERVE_AND_REGRESSION_TEST"
"deploy/install_artifact.sh","env_file_require_trusted","131","131","shell_function","c0703d9b698dbb8272415c563e6187743fcad92cc04bb0cf7fe90515d17fcdd4","PRESERVE_AND_REGRESSION_TEST"
"deploy/install_artifact.sh","_env_file_unquote","153","153","shell_function","c0703d9b698dbb8272415c563e6187743fcad92cc04bb0cf7fe90515d17fcdd4","PRESERVE_AND_REGRESSION_TEST"
"deploy/install_artifact.sh","env_file_get","175","175","shell_function","c0703d9b698dbb8272415c563e6187743fcad92cc04bb0cf7fe90515d17fcdd4","PRESERVE_AND_REGRESSION_TEST"
"deploy/install_artifact.sh","env_file_pairs","214","214","shell_function","c0703d9b698dbb8272415c563e6187743fcad92cc04bb0cf7fe90515d17fcdd4","PRESERVE_AND_REGRESSION_TEST"
"deploy/install_artifact.sh","env_file_load","244","244","shell_function","c0703d9b698dbb8272415c563e6187743fcad92cc04bb0cf7fe90515d17fcdd4","PRESERVE_AND_REGRESSION_TEST"
"deploy/install_artifact.sh","require_canonical_dir","270","270","shell_function","c0703d9b698dbb8272415c563e6187743fcad92cc04bb0cf7fe90515d17fcdd4","PRESERVE_AND_REGRESSION_TEST"
"deploy/install_artifact.sh","is_timestamp_release_dir","279","279","shell_function","c0703d9b698dbb8272415c563e6187743fcad92cc04bb0cf7fe90515d17fcdd4","PRESERVE_AND_REGRESSION_TEST"
"deploy/install_artifact.sh","require_release_config","288","288","shell_function","c0703d9b698dbb8272415c563e6187743fcad92cc04bb0cf7fe90515d17fcdd4","PRESERVE_AND_REGRESSION_TEST"
"deploy/install_artifact.sh","project_empty","299","299","shell_function","c0703d9b698dbb8272415c563e6187743fcad92cc04bb0cf7fe90515d17fcdd4","PRESERVE_AND_REGRESSION_TEST"
"deploy/install_artifact.sh","switch_current","304","304","shell_function","c0703d9b698dbb8272415c563e6187743fcad92cc04bb0cf7fe90515d17fcdd4","PRESERVE_AND_REGRESSION_TEST"
"deploy/install_artifact.sh","clear_current","309","309","shell_function","c0703d9b698dbb8272415c563e6187743fcad92cc04bb0cf7fe90515d17fcdd4","PRESERVE_AND_REGRESSION_TEST"
"deploy/install_artifact.sh","placeholder","330","330","shell_function","c0703d9b698dbb8272415c563e6187743fcad92cc04bb0cf7fe90515d17fcdd4","PRESERVE_AND_REGRESSION_TEST"
"deploy/install_artifact.sh","require_secret","335","335","shell_function","c0703d9b698dbb8272415c563e6187743fcad92cc04bb0cf7fe90515d17fcdd4","PRESERVE_AND_REGRESSION_TEST"
"deploy/install_artifact.sh","bounded_provider_cap","399","399","shell_function","c0703d9b698dbb8272415c563e6187743fcad92cc04bb0cf7fe90515d17fcdd4","PRESERVE_AND_REGRESSION_TEST"
"deploy/install_artifact.sh","cleanup","556","556","shell_function","c0703d9b698dbb8272415c563e6187743fcad92cc04bb0cf7fe90515d17fcdd4","PRESERVE_AND_REGRESSION_TEST"
"deploy/install_artifact.sh","verify_live_candidate","711","711","shell_function","c0703d9b698dbb8272415c563e6187743fcad92cc04bb0cf7fe90515d17fcdd4","PRESERVE_AND_REGRESSION_TEST"
"deploy/install_artifact.sh","activate_live_evidence","745","745","shell_function","c0703d9b698dbb8272415c563e6187743fcad92cc04bb0cf7fe90515d17fcdd4","PRESERVE_AND_REGRESSION_TEST"
"deploy/install_artifact.sh","compose_for","788","788","shell_function","c0703d9b698dbb8272415c563e6187743fcad92cc04bb0cf7fe90515d17fcdd4","PRESERVE_AND_REGRESSION_TEST"
"deploy/install_artifact.sh","submit_old_command","883","883","shell_function","c0703d9b698dbb8272415c563e6187743fcad92cc04bb0cf7fe90515d17fcdd4","PRESERVE_AND_REGRESSION_TEST"
"deploy/install_artifact.sh","stack_healthy","934","934","shell_function","c0703d9b698dbb8272415c563e6187743fcad92cc04bb0cf7fe90515d17fcdd4","PRESERVE_AND_REGRESSION_TEST"
"deploy/install_artifact.sh","write_deployment_status","958","958","shell_function","c0703d9b698dbb8272415c563e6187743fcad92cc04bb0cf7fe90515d17fcdd4","PRESERVE_AND_REGRESSION_TEST"
"deploy/install_artifact.sh","write_release_validation","1004","1004","shell_function","c0703d9b698dbb8272415c563e6187743fcad92cc04bb0cf7fe90515d17fcdd4","PRESERVE_AND_REGRESSION_TEST"
"deploy/install_artifact.sh","mark_release_success","1059","1059","shell_function","c0703d9b698dbb8272415c563e6187743fcad92cc04bb0cf7fe90515d17fcdd4","PRESERVE_AND_REGRESSION_TEST"
"deploy/install_artifact.sh","rollback","1097","1097","shell_function","c0703d9b698dbb8272415c563e6187743fcad92cc04bb0cf7fe90515d17fcdd4","PRESERVE_AND_REGRESSION_TEST"
"deploy/install_artifact.sh","on_cutover_failure","1209","1209","shell_function","c0703d9b698dbb8272415c563e6187743fcad92cc04bb0cf7fe90515d17fcdd4","PRESERVE_AND_REGRESSION_TEST"
"deploy/install_monitoring.sh","load_instance_identity","5","5","shell_function","390cc45c090469d4e11c86187212076084ae07501bb58c3b7b350e66b205174b","PRESERVE_AND_REGRESSION_TEST"
"deploy/install_monitoring.sh","fail","30","30","shell_function","390cc45c090469d4e11c86187212076084ae07501bb58c3b7b350e66b205174b","PRESERVE_AND_REGRESSION_TEST"
"deploy/install_monitoring.sh","env_file_fail","68","68","shell_function","390cc45c090469d4e11c86187212076084ae07501bb58c3b7b350e66b205174b","PRESERVE_AND_REGRESSION_TEST"
"deploy/install_monitoring.sh","env_file_key_allowed","74","74","shell_function","390cc45c090469d4e11c86187212076084ae07501bb58c3b7b350e66b205174b","PRESERVE_AND_REGRESSION_TEST"
"deploy/install_monitoring.sh","env_file_require_trusted","130","130","shell_function","390cc45c090469d4e11c86187212076084ae07501bb58c3b7b350e66b205174b","PRESERVE_AND_REGRESSION_TEST"
"deploy/install_monitoring.sh","_env_file_unquote","152","152","shell_function","390cc45c090469d4e11c86187212076084ae07501bb58c3b7b350e66b205174b","PRESERVE_AND_REGRESSION_TEST"
"deploy/install_monitoring.sh","env_file_get","174","174","shell_function","390cc45c090469d4e11c86187212076084ae07501bb58c3b7b350e66b205174b","PRESERVE_AND_REGRESSION_TEST"
"deploy/install_monitoring.sh","env_file_pairs","213","213","shell_function","390cc45c090469d4e11c86187212076084ae07501bb58c3b7b350e66b205174b","PRESERVE_AND_REGRESSION_TEST"
"deploy/install_monitoring.sh","env_file_load","243","243","shell_function","390cc45c090469d4e11c86187212076084ae07501bb58c3b7b350e66b205174b","PRESERVE_AND_REGRESSION_TEST"
"deploy/install_monitoring.sh","render_unit","347","347","shell_function","390cc45c090469d4e11c86187212076084ae07501bb58c3b7b350e66b205174b","PRESERVE_AND_REGRESSION_TEST"
"deploy/lib/envfile.sh","env_file_fail","32","32","shell_function","88b5d495d470c8540242251de50c5074c43c317cb596d5ccc641fdd55e1a2ee9","PRESERVE_AND_REGRESSION_TEST"
"deploy/lib/envfile.sh","env_file_key_allowed","38","38","shell_function","88b5d495d470c8540242251de50c5074c43c317cb596d5ccc641fdd55e1a2ee9","PRESERVE_AND_REGRESSION_TEST"
"deploy/lib/envfile.sh","env_file_require_trusted","94","94","shell_function","88b5d495d470c8540242251de50c5074c43c317cb596d5ccc641fdd55e1a2ee9","PRESERVE_AND_REGRESSION_TEST"
"deploy/lib/envfile.sh","_env_file_unquote","116","116","shell_function","88b5d495d470c8540242251de50c5074c43c317cb596d5ccc641fdd55e1a2ee9","PRESERVE_AND_REGRESSION_TEST"
"deploy/lib/envfile.sh","env_file_get","138","138","shell_function","88b5d495d470c8540242251de50c5074c43c317cb596d5ccc641fdd55e1a2ee9","PRESERVE_AND_REGRESSION_TEST"
"deploy/lib/envfile.sh","env_file_pairs","177","177","shell_function","88b5d495d470c8540242251de50c5074c43c317cb596d5ccc641fdd55e1a2ee9","PRESERVE_AND_REGRESSION_TEST"
"deploy/lib/envfile.sh","env_file_load","207","207","shell_function","88b5d495d470c8540242251de50c5074c43c317cb596d5ccc641fdd55e1a2ee9","PRESERVE_AND_REGRESSION_TEST"
"deploy/offhost_backup.sh","fail","17","17","shell_function","3739143efe1608a033705122968f5480a2ba81d6a8d6540258110a75970bd539","PRESERVE_AND_REGRESSION_TEST"
"deploy/offhost_backup.sh","on_exit","23","23","shell_function","3739143efe1608a033705122968f5480a2ba81d6a8d6540258110a75970bd539","PRESERVE_AND_REGRESSION_TEST"
"deploy/offhost_backup.sh","run_oci","93","93","shell_function","3739143efe1608a033705122968f5480a2ba81d6a8d6540258110a75970bd539","PRESERVE_AND_REGRESSION_TEST"
"deploy/oracle_setup.sh","fail","28","28","shell_function","fc01a7c1dd9cbda0fb84eabc7a1945660f3e2bfd3eeef8817acf261451cda865","PRESERVE_AND_REGRESSION_TEST"
"deploy/oracle_setup.sh","as_root","29","29","shell_function","fc01a7c1dd9cbda0fb84eabc7a1945660f3e2bfd3eeef8817acf261451cda865","PRESERVE_AND_REGRESSION_TEST"
"deploy/oracle_setup.sh","cleanup_docker_repo","108","108","shell_function","fc01a7c1dd9cbda0fb84eabc7a1945660f3e2bfd3eeef8817acf261451cda865","PRESERVE_AND_REGRESSION_TEST"
"deploy/oracle_setup.sh","cleanup_sudoers","445","445","shell_function","fc01a7c1dd9cbda0fb84eabc7a1945660f3e2bfd3eeef8817acf261451cda865","PRESERVE_AND_REGRESSION_TEST"
"deploy/oracle_validate.sh","section","12","12","shell_function","3cbebe19b5762a9c6e6b97b5ebd35fc3fe0eb4b909ed27845102ccc36de67de7","PRESERVE_AND_REGRESSION_TEST"
"deploy/oracle_validate.sh","line","13","13","shell_function","3cbebe19b5762a9c6e6b97b5ebd35fc3fe0eb4b909ed27845102ccc36de67de7","PRESERVE_AND_REGRESSION_TEST"
"deploy/oracle_validate.sh","command_value","14","14","shell_function","3cbebe19b5762a9c6e6b97b5ebd35fc3fe0eb4b909ed27845102ccc36de67de7","PRESERVE_AND_REGRESSION_TEST"
"deploy/oracle_validate.sh","http_status","21","21","shell_function","3cbebe19b5762a9c6e6b97b5ebd35fc3fe0eb4b909ed27845102ccc36de67de7","PRESERVE_AND_REGRESSION_TEST"
"deploy/ownership_tree.py","LinuxOwnership.__init__","41","51","function","4ddbbb0172e5cb8bcd7ad6757452c04dca8f81a50bcc312f0f19e64b46a9b2da","PRESERVE_AND_REGRESSION_TEST"
"deploy/ownership_tree.py","LinuxOwnership.open","53","66","function","db523e7f2260804daf4eb11b96c50a8f3158c2c80de4ee7e730105976ba275c2","PRESERVE_AND_REGRESSION_TEST"
"deploy/ownership_tree.py","LinuxOwnership.chown","68","72","function","453e5f849203e50fce557cebff7638f1fb5e70daa4158ec2246d073c6887f937","PRESERVE_AND_REGRESSION_TEST"
"deploy/ownership_tree.py","identity","75","76","function","f83ba324c2ea2d8d97de24777c7b3966a0d6771325f0c6fae5aac4db279d5bc6","PRESERVE_AND_REGRESSION_TEST"
"deploy/ownership_tree.py","validate_object","79","83","function","973a73ccfa35011267922e3be63a4f1a95f25f003b5fe312011fd5568f7e2e53","PRESERVE_AND_REGRESSION_TEST"
"deploy/ownership_tree.py","open_root","86","96","function","681b10d62bcf5603e1e756b18ba84adc4ee527dd72c50ab445a918b3df91f318","PRESERVE_AND_REGRESSION_TEST"
"deploy/ownership_tree.py","inventory","99","122","function","df64c4981d99d8ad58c4b888c63cbcec61a50aebbd5ca05d572699a85a0a002e","PRESERVE_AND_REGRESSION_TEST"
"deploy/ownership_tree.py","change_ownership","125","154","function","466b8edb3f0b14248d2c3b6f499bc8387cc701962430fcd422b2c5cc7d91b1e7","PRESERVE_AND_REGRESSION_TEST"
"deploy/ownership_tree.py","main","157","174","function","16bf4ac59d2b711617219493671aba4acec94714715142d1b8e7e5cc13dcd194","PRESERVE_AND_REGRESSION_TEST"
"deploy/prepare_runtime_locks.py","identity_locks","25","45","function","90f2c4ca136d6e91f1819d40ed34cde553a79d2ac97236b0ec19fda6b57e9284","PRESERVE_AND_REGRESSION_TEST"
"deploy/prepare_runtime_locks.py","prepare_lock","48","72","function","c815295086d3f786decdd159ffedfc59b9aab32baaa70607c32c348e01654f26","PRESERVE_AND_REGRESSION_TEST"
"deploy/prepare_runtime_locks.py","main","75","86","function","144e9ade8bd9c4f9fddef41e6de0bacc77928ffbefab6a48be2bce222b9656d3","PRESERVE_AND_REGRESSION_TEST"
"deploy/resource_guard.sh","fail","20","20","shell_function","885cd166e9a773bbe025154b6e9502341f9435aef8ae95d908f29e378d441feb","PRESERVE_AND_REGRESSION_TEST"
"deploy/stage_offhost_restore.sh","fail","14","14","shell_function","6b79c7a975d84d969d9db295500c27007bc435c44cbc5d83d73ce15a654fe3ed","PRESERVE_AND_REGRESSION_TEST"
"deploy/verify_stack_identity.py","file_sha256","28","33","function","847e6a61274a87cef079878e55b0213bab33a2dfca5cce72010e4697cf66c27f","PRESERVE_AND_REGRESSION_TEST"
"deploy/verify_stack_identity.py","_env_map","36","42","function","11c4462bf633cbeb8587a2b2c3e5c4bfbc154da452a45f8d8badc98dc6aa9dac","PRESERVE_AND_REGRESSION_TEST"
"deploy/verify_stack_identity.py","validate_snapshot","45","102","function","82584dcbbbcac014465241b17aa56cd7104f4cb4fa8db621937739af7660f036","PRESERVE_AND_REGRESSION_TEST"
"deploy/verify_stack_identity.py","_run","105","121","function","ac535cb92e8b0dc994b7625114285582d0b04341e6f33c282acf6662831d89cf","PRESERVE_AND_REGRESSION_TEST"
"deploy/verify_stack_identity.py","verify","124","194","function","0619bcb845f6db1a64ff2f1237c4444cd2604d108447221f275e7c17489d81c6","PRESERVE_AND_REGRESSION_TEST"
"deploy/verify_stack_identity.py","parser","197","206","function","8e07a3423ecbd915324c2d8505e23011458f729e9903484a6c38b88b30e29f01","PRESERVE_AND_REGRESSION_TEST"
"deploy/verify_stack_identity.py","main","209","216","function","e8106aa1261327ab78ac5bea5534d90505c18517005d767a6f0084509cc30f27","PRESERVE_AND_REGRESSION_TEST"
"freqtrade/user_data/strategies/IctSmcStrategy.py","IctSmcStrategy.protections","82","99","function","f4803fad5becad09969321b4b4efa81c3ae0c783e0bd093df119bc72aa0e68f2","PRESERVE_AND_REGRESSION_TEST"
"freqtrade/user_data/strategies/IctSmcStrategy.py","IctSmcStrategy._active_pair_path","108","109","function","9675062ada2bebe7ac97870a85ab9f7a9a0d88a366b867d491f76a8a3170d86c","PRESERVE_AND_REGRESSION_TEST"
"freqtrade/user_data/strategies/IctSmcStrategy.py","IctSmcStrategy._active_pair_state","111","135","function","e1b49b5e929321ffec3f4ac5dfa18fec6bff9956bd3e766f7eacb46f106b8ffe","PRESERVE_AND_REGRESSION_TEST"
"freqtrade/user_data/strategies/IctSmcStrategy.py","IctSmcStrategy._is_active_pair","137","142","function","c51e5e343ce184ca4ac31e38ca9d83dff5042b0cb96a13bf9e55832a03079127","PRESERVE_AND_REGRESSION_TEST"
"freqtrade/user_data/strategies/IctSmcStrategy.py","IctSmcStrategy._emit_signal","144","188","function","cc3c5312fe9caf0307aa2c11e8314b04f51f90b6f051675046cf02512c655558","PRESERVE_AND_REGRESSION_TEST"
"freqtrade/user_data/strategies/IctSmcStrategy.py","IctSmcStrategy._seam_error","193","201","function","e19384cdc54d686f22a2506714c93a5b9b77ccede6c6c96570264446645981e6","PRESERVE_AND_REGRESSION_TEST"
"freqtrade/user_data/strategies/IctSmcStrategy.py","IctSmcStrategy._seam_heartbeat","203","223","function","02716a39b7c1f31052345ffd4786ef9d03913a57d2cb76d3fd92da283386adeb","PRESERVE_AND_REGRESSION_TEST"
"freqtrade/user_data/strategies/IctSmcStrategy.py","IctSmcStrategy._runmode_value","225","227","function","6b169741e87b7c416a00ba92be65d76ab68e12b46a0b40ab4c54981abccd5a72","PRESERVE_AND_REGRESSION_TEST"
"freqtrade/user_data/strategies/IctSmcStrategy.py","IctSmcStrategy.bot_loop_start","229","261","function","9b4d0ff3bc71088d59a01a980599fcbd65979f053e80b00208f1dd505fcecf37","PRESERVE_AND_REGRESSION_TEST"
"freqtrade/user_data/strategies/IctSmcStrategy.py","IctSmcStrategy.bot_start","263","264","function","63d1e9b62fd76377facbb293bf05c1593b59e8d7d247569cce3640f0437e2abd","PRESERVE_AND_REGRESSION_TEST"
"freqtrade/user_data/strategies/IctSmcStrategy.py","IctSmcStrategy.confirm_trade_entry","266","276","function","932bc6f7696c0c2bac5f33e0301b5a439f440adc8f096c8ae325c523238c0740","PRESERVE_AND_REGRESSION_TEST"
"freqtrade/user_data/strategies/IctSmcStrategy.py","IctSmcStrategy.populate_indicators_5m","280","289","function","1bd1bac05c7e4ad85f4a56a33c0607eddb4172d5274e48416e2c0e7b0fb08f18","FINGERPRINT_PROTECTED"
"freqtrade/user_data/strategies/IctSmcStrategy.py","IctSmcStrategy.populate_indicators","292","321","function","3e514b5bbf40a8ab3ec26d9ded5a0118192608be7bcd30a103b201e6197362c1","FINGERPRINT_PROTECTED"
"freqtrade/user_data/strategies/IctSmcStrategy.py","IctSmcStrategy.populate_entry_trend","323","349","function","86577ed448af74fd06bfe1a9a82306319fd16f193a78b2045e4888391ce2ca82","FINGERPRINT_PROTECTED"
"freqtrade/user_data/strategies/IctSmcStrategy.py","IctSmcStrategy.populate_exit_trend","351","361","function","49478a63c8d81a485f3e35b92d275b835c898d2328f0510270fb11c5805d30b6","FINGERPRINT_PROTECTED"
"monitoring/api/app.py","_base","23","29","function","35f21532694a5f9832bca04b92107a5a6813bb2a233171a462eebc93d8bc0c10","PRESERVE_AND_REGRESSION_TEST"
"monitoring/api/app.py","_payload","32","33","function","dd03a728674754e7dc68be39f33a614f164517b249528f7cc89c5a487e47d932","PRESERVE_AND_REGRESSION_TEST"
"monitoring/api/app.py","health","37","48","function","04040846b3c17a1ba847b8ace0745f604cb4ca1c058f5866db238e284d63977a","PRESERVE_AND_REGRESSION_TEST"
"monitoring/api/app.py","status","52","65","function","747bdb799917d35a859f083ed73d8dcd42a01b12c1b19a85a05d924b433a30c5","PRESERVE_AND_REGRESSION_TEST"
"monitoring/api/app.py","performance","69","78","function","1d1ae1269c496f9c857d4f808c000c2490ec5bbe042fc9af75888f3a6177e280","PRESERVE_AND_REGRESSION_TEST"
"monitoring/api/app.py","trades","82","90","function","fb28d26cdb88a42607c35b5dd8e31e7b63227356153633377eca8aac2541f545","PRESERVE_AND_REGRESSION_TEST"
"monitoring/api/app.py","errors","94","102","function","45b64b51af5dcee36aae80f91c0db94f925709b009b1920e690b78f582b993f7","PRESERVE_AND_REGRESSION_TEST"
"monitoring/api/app.py","crashes","106","110","function","e6b04cff4fdd62b81035e6c400268138a77f83b54b4a3b91473b7c074d6b91b3","PRESERVE_AND_REGRESSION_TEST"
"monitoring/api/app.py","latency","114","118","function","3b6dff388836a4830408006af7d5ad8f8ac6c8640fe5516deeeb568ea2891dc5","PRESERVE_AND_REGRESSION_TEST"
"monitoring/api/app.py","system","122","127","function","22eb9903691649a56629dd3e0b0096ace813578a2f29d9c8491fe82dcb240695","PRESERVE_AND_REGRESSION_TEST"
"monitoring/api/app.py","deployment","131","132","function","8fffc2d545eb55b513fcbec25bb121f9c439dcbf42aadf89abc9d9a3422f5c9d","PRESERVE_AND_REGRESSION_TEST"
"monitoring/api/app.py","pair","136","137","function","a000c5d46b0d6057d4562ca163f705953b4b456fd31fcec468bbe9cdc6dc8dcf","PRESERVE_AND_REGRESSION_TEST"
"monitoring/api/app.py","moneyflow","141","146","function","f9c1dc5f5da1c8d5fb872c4b57c86f62361b60af453dfd68bed3a0804d10ffd0","PRESERVE_AND_REGRESSION_TEST"
"monitoring/api/app.py","report","150","178","function","1dcd524a9976f8de9a9fd5a0d0dc1459a8f4b63dace060078b4130aafe060814","PRESERVE_AND_REGRESSION_TEST"
"monitoring/api/authentication.py","audit","25","38","function","2f7adf0188b18a0270bedc3c3a135ef0194adbce90a032e02a7bd075833aa283","PRESERVE_AND_REGRESSION_TEST"
"monitoring/api/authentication.py","_audit_or_503","41","47","function","1d16d68eb56f9007f7f8ffa042698f516463180ed9deeb029c9b9ae61bd18468","PRESERVE_AND_REGRESSION_TEST"
"monitoring/api/authentication.py","_client_ip","50","51","function","747971612ff08b4f16c035555905916ae1cb848bb24e5ca49e57d7934bc6ac34","PRESERVE_AND_REGRESSION_TEST"
"monitoring/api/authentication.py","_allowed","54","59","function","b2d96f929acf1561949b8b71a0b4ad0a0f78038dd61b503b159089d093c4800c","PRESERVE_AND_REGRESSION_TEST"
"monitoring/api/authentication.py","require_bearer","62","92","function","ae3aa08759e3c0503765b7d38917323860ad68944d701086ed5cd247a77f73b8","PRESERVE_AND_REGRESSION_TEST"
"monitoring/api/configuration.py","_int","15","20","function","9bb10eac6bfc0c912fe1ffd64c0f568e3a8e2f5447eef40fe558296e603a059a","PRESERVE_AND_REGRESSION_TEST"
"monitoring/api/configuration.py","_bool","23","24","function","45d9408f8ea4d63aaa69f0bf3d16e8a77f84524628595311faecfaeff953224e","PRESERVE_AND_REGRESSION_TEST"
"monitoring/api/configuration.py","secret_is_configured","33","35","function","f9214879a8771a0eb5efbcccd549a3def8989dba5f5d223338851589171cbcb4","PRESERVE_AND_REGRESSION_TEST"
"monitoring/api/configuration.py","loopback_http_url","38","50","function","d85415f55a5df580d96ac7c4a443a332a4182906c3498b5d0c503adcc32ee254","PRESERVE_AND_REGRESSION_TEST"
"monitoring/api/configuration.py","Config.__init__","63","154","function","ee6dd949f1305d77b3c016d4fcd315765e7512ccab7a637497a75117ab689044","PRESERVE_AND_REGRESSION_TEST"
"monitoring/api/configuration.py","Config.banner","156","161","function","6ad0f93af1bface726c6503c1dbf560ab8879b04ab9b1e5e67ffa2c54c97e0e8","PRESERVE_AND_REGRESSION_TEST"
"monitoring/api/configuration.py","Config.allowed_networks","163","169","function","4dc2b6b2f74408ce2645456b4925f0a7f287ad340539a29a72620ab0599ddf9f","PRESERVE_AND_REGRESSION_TEST"
"monitoring/api/configuration.py","Config.runtime_errors","171","186","function","060e04c29b7595bff7694d5ad3b36926955054afe82aa25e8b2668f3aa3d1a8a","PRESERVE_AND_REGRESSION_TEST"
"monitoring/api/configuration.py","reload","192","197","function","2cd68aac378f798fa6f12e9350dc3df1c95655cf297fe783a65747186e7ad052","PRESERVE_AND_REGRESSION_TEST"
"monitoring/api/database.py","_read_only_sql","15","19","function","b4e060ceb8889089fda4cb0749b35297aa92bb8a0334917ce242938ac322eab7","PRESERVE_AND_REGRESSION_TEST"
"monitoring/api/database.py","query","22","40","function","23bc0c881e5ba48038bf525d8990e152d0b9ad7607f3bc4279a665d10b5c51bf","PRESERVE_AND_REGRESSION_TEST"
"monitoring/api/database.py","status","43","67","function","ae21db54222a8c5fbd4a53867395f217a12553cc5d1d277748e8183a3886bdeb","PRESERVE_AND_REGRESSION_TEST"
"monitoring/api/log_redaction.py","redact","44","54","function","05216e91652642fa9eff3b4c5816d5a091b954ef8bb35ba392dfe258f03b6a66","PRESERVE_AND_REGRESSION_TEST"
"monitoring/api/log_redaction.py","redact_obj","57","72","function","d92561c3c17b1b56bf5713fa4dfa713339eda6c7137f46c152c8d64289a5f373","PRESERVE_AND_REGRESSION_TEST"
"monitoring/api/metrics.py","_iso","29","33","function","657bf848c191724c799073cd591e2ccc89c21386b690fc0b2c983e58ee86c0d6","PRESERVE_AND_REGRESSION_TEST"
"monitoring/api/metrics.py","_parse_time","36","52","function","819921c89e1cfe5d1fc899d72a282d70a15e544f8dbf25738f70faefc014abd9","PRESERVE_AND_REGRESSION_TEST"
"monitoring/api/metrics.py","_safe_float","55","60","function","f6f187b4438831a0a972b16fcd4c3300a05e9432480834dd4f1c05ce9e5860f0","PRESERVE_AND_REGRESSION_TEST"
"monitoring/api/metrics.py","_safe_json","63","74","function","2a6019b4130ff02ce5164122d587501ad0b4d7b3cf6b6120ae833fa60be3576f","PRESERVE_AND_REGRESSION_TEST"
"monitoring/api/metrics.py","file_freshness","77","89","function","217030a8935897b0833b0e9f302863a9434564031319244c7feef3a3304b5a5a","PRESERVE_AND_REGRESSION_TEST"
"monitoring/api/metrics.py","_health","92","106","function","be8493701c0e817dcbbf702091a296dea100907356b6f11ed2f92b958be87db9","PRESERVE_AND_REGRESSION_TEST"
"monitoring/api/metrics.py","_file_health","109","124","function","2142a9dc03820e9edb5deaef53c0e62938bdcfe49c5e785016093835caea903f","PRESERVE_AND_REGRESSION_TEST"
"monitoring/api/metrics.py","runtime_health","127","141","function","132709bb75e70be04f40a7e93d31a9c0caeba655b21f8697ee3c819180562db4","PRESERVE_AND_REGRESSION_TEST"
"monitoring/api/metrics.py","container_state","144","163","function","a6ba39d28eae952f720db974ead41ea0e6bfa23c0fca212a3f461b12360d5682","PRESERVE_AND_REGRESSION_TEST"
"monitoring/api/metrics.py","system_resources","166","193","function","bc31616735882c52b96b5930e7b95a0aebcb26118daad26ba7d53647f255a6e6","PRESERVE_AND_REGRESSION_TEST"
"monitoring/api/metrics.py","binance_latency","196","231","function","ccad901d622c892f4c0a974a20ecf983ec831b83ab01c969a3cae160fedf7ddc","PRESERVE_AND_REGRESSION_TEST"
"monitoring/api/metrics.py","binance_latency.percentile","219","221","function","bc4eb5ccfbc1ec2841c705bf5799446e963e7f7b1b4bf9375dc49e8265ddd485","PRESERVE_AND_REGRESSION_TEST"
"monitoring/api/metrics.py","_tail_text","234","251","function","29c71787fa16808afc4c9173781dc73e83d724050d35c603025ccbdb5529de9e","PRESERVE_AND_REGRESSION_TEST"
"monitoring/api/metrics.py","tail_log","254","256","function","b381d6e99964f99c343f797edf198cf34a1688cdff4797747ee3119367a0b983","PRESERVE_AND_REGRESSION_TEST"
"monitoring/api/metrics.py","log_freshness","259","260","function","2784423e75df832c824db106e6093fcb5af562c5e8c51c70b7c3e068c6e32ee0","PRESERVE_AND_REGRESSION_TEST"
"monitoring/api/metrics.py","offhost_backup_status","263","293","function","ef81eae2e7794065c29b772d0496e724e3cabea92139245c932d97f6b128dad4","PRESERVE_AND_REGRESSION_TEST"
"monitoring/api/metrics.py","error_lines","296","308","function","50c788d96b17e4937a90fa3f31096ae446900aa725c3570b66c8e9830544e7a3","PRESERVE_AND_REGRESSION_TEST"
"monitoring/api/metrics.py","_log_line_epoch","311","313","function","b291fc3c45c9650d0e7bdf6ea9e4507d2d86848b4220a2aeffd22ddefe4d903b","PRESERVE_AND_REGRESSION_TEST"
"monitoring/api/metrics.py","crash_blocks","316","353","function","68abad25762c1095c2830d4f9e44baeb4540ff92a9cfb2eae018616dabd1115b","PRESERVE_AND_REGRESSION_TEST"
"monitoring/api/metrics.py","databases","356","363","function","50f3472ef059819a3f731245af6056455fc90537d54da24aa13a4e8cb9decf8f","PRESERVE_AND_REGRESSION_TEST"
"monitoring/api/metrics.py","execution_state","366","391","function","3c54d409030686a7d89bf034d4de44f7005975a108343a6786dd222dac5510ad","PRESERVE_AND_REGRESSION_TEST"
"monitoring/api/metrics.py","_read_jsonl_tail","394","406","function","f7e3136043737493330caa6a44d507a10e419a509c5438bce7ad6f1cda729f6c","PRESERVE_AND_REGRESSION_TEST"
"monitoring/api/metrics.py","performance","409","451","function","7e14d68a360d4b8f4eaf8cee136b97ce5d5f1421055586a8e88b7c8188813558","PRESERVE_AND_REGRESSION_TEST"
"monitoring/api/metrics.py","recent_trades","454","466","function","4594ab0ecb912877b436c5065424cb56440307fb7601701ffb26c7c4f0f40252","PRESERVE_AND_REGRESSION_TEST"
"monitoring/api/metrics.py","signal_performance","469","492","function","6c20adb8dac98e6163f6e34ce4344d661759870551dae42dc0cd6a104454e327","PRESERVE_AND_REGRESSION_TEST"
"monitoring/api/metrics.py","order_quality","495","541","function","7d7904f16a7278c67c8fde9586c73ec116826a68d43f533fe1b6a71a7f201e57","PRESERVE_AND_REGRESSION_TEST"
"monitoring/api/metrics.py","websocket_status","544","560","function","9fead83c93d49e235bbde417e31206946efa922a731afb88262a0f8f4b481fdb","PRESERVE_AND_REGRESSION_TEST"
"monitoring/api/metrics.py","active_pair_status","563","597","function","4716d779041e73f8b366cced422195c3514cc84c7d510842e5a0bd099dd3b0c7","PRESERVE_AND_REGRESSION_TEST"
"monitoring/api/metrics.py","moneyflow_status","600","713","function","ae818c1d82447e41bc38ae08930544d8aeb831ff89c4b430475629d54d11b96b","PRESERVE_AND_REGRESSION_TEST"
"monitoring/api/metrics.py","deployment_info","716","736","function","c3937af690727ba0022f476123ed3b2ad490383145d925dbd0209dd8d3794d1f","PRESERVE_AND_REGRESSION_TEST"
"monitoring/api/metrics.py","recent_security_warnings","739","754","function","62ea5fe0228ebb2c1fc148f55edacb3364f70975baf22e7a9679b4c49eafd363","PRESERVE_AND_REGRESSION_TEST"
"monitoring/control.py","check","10","29","function","412a16345a8c39754ef4b93cd6ef3c1daed88a3244b02dced4e6114235f009b1","PRESERVE_AND_REGRESSION_TEST"
"monitoring/control.py","main","32","37","function","b1cef0affd16cd5c39e41a2514f09e7588e96bb993c2bd8321a81a442b549b39","PRESERVE_AND_REGRESSION_TEST"
"monitoring/mcp/monitor_mcp_server.py","_base_url","18","24","function","ffd6fbdada5c82a5487f3984596f5e3188f2597993a7b41983c8793b0091b8ad","PRESERVE_AND_REGRESSION_TEST"
"monitoring/mcp/monitor_mcp_server.py","_get","27","45","function","370496c15d61990c065d135773bd110b054e12c707ef33a2bddd1db91b80736c","PRESERVE_AND_REGRESSION_TEST"
"monitoring/mcp/monitor_mcp_server.py","_clamp","48","52","function","865de0b7645c4a5024b3d77a5737d7940e1d89a528f0f5912f27b83a2769bc54","PRESERVE_AND_REGRESSION_TEST"
"monitoring/mcp/monitor_mcp_server.py","create_server","55","120","function","1e853f234727d40c63ffe00c8f8192d5ac326226b98c2950a376c39a2e8fde98","PRESERVE_AND_REGRESSION_TEST"
"monitoring/mcp/monitor_mcp_server.py","create_server.bot_health","61","63","function","520337d7abbd59592d8d0391969f5bc73e283126e7789dc2f40ccd5d034261e8","PRESERVE_AND_REGRESSION_TEST"
"monitoring/mcp/monitor_mcp_server.py","create_server.bot_status","66","68","function","c305fe9a932b236a9cbf7e4201314e6987a16180f9f1aff1d1de7d2e8f9a16c1","PRESERVE_AND_REGRESSION_TEST"
"monitoring/mcp/monitor_mcp_server.py","create_server.bot_performance","71","73","function","3c8529a65ab5a35af054ec85b8a3d0a28dd48625f68586a279de03059926b99c","PRESERVE_AND_REGRESSION_TEST"
"monitoring/mcp/monitor_mcp_server.py","create_server.bot_recent_trades","76","78","function","6331e6bf9787ef377e8dead5726b0f30eb87203a4e21defea37d39c97abcfbba","PRESERVE_AND_REGRESSION_TEST"
"monitoring/mcp/monitor_mcp_server.py","create_server.bot_errors","81","83","function","a672a20f7a85c15f111c7e1eeddf16fae271e502f6096a203946279183b91fb1","PRESERVE_AND_REGRESSION_TEST"
"monitoring/mcp/monitor_mcp_server.py","create_server.bot_crashes","86","88","function","2f90dc99df1f2f54d8e4fc173560fe09fea9a678ce77ab75e33374cce8c1b138","PRESERVE_AND_REGRESSION_TEST"
"monitoring/mcp/monitor_mcp_server.py","create_server.bot_binance_latency","91","93","function","bb8f88a33cbf62f8d5bed8667cf8023f22b0c2b8e888ee993cc1b78a96058d3a","PRESERVE_AND_REGRESSION_TEST"
"monitoring/mcp/monitor_mcp_server.py","create_server.bot_system_resources","96","98","function","f7641118399ee9cae583afc8b3942c46071b6052684b21304823918da3ae313d","PRESERVE_AND_REGRESSION_TEST"
"monitoring/mcp/monitor_mcp_server.py","create_server.bot_deployment_status","101","103","function","821d862205ddd21d21859b5260bce4fba53059d0d4ec535594dca2d2035585d0","PRESERVE_AND_REGRESSION_TEST"
"monitoring/mcp/monitor_mcp_server.py","create_server.bot_market_context","106","108","function","8ceb1745f703d5b3ec885450e67d4e0385ceaf55bb307462f7a400759cce50f6","PRESERVE_AND_REGRESSION_TEST"
"monitoring/mcp/monitor_mcp_server.py","create_server.bot_daily_report","111","113","function","c8d17462506dbefe2e28e5e0a4e0a209141ba2ca4adcd2d4d28d5f79ed720303","PRESERVE_AND_REGRESSION_TEST"
"monitoring/mcp/monitor_mcp_server.py","create_server.bot_custom_report","116","118","function","60fc2fe8eaa65e1ee2d0ef3a3b3cf25c7c27d2f6f677a2e5aee462165c500fae","PRESERVE_AND_REGRESSION_TEST"
"monitoring/mcp/monitor_mcp_server.py","main","123","125","function","31fdef83e4e907a485fa97e6407c4e3e7927a5195097f9a8772950493863e9d8","PRESERVE_AND_REGRESSION_TEST"
"monitoring/telegram/telegram_reporter.py","_failure","17","19","function","182533b0a39c053b5e6c3c7e668189d0833321870f039fb0f9ce0c14be02fba8","PRESERVE_AND_REGRESSION_TEST"
"monitoring/telegram/telegram_reporter.py","_format","22","54","function","ed929217d71eb6047b4ad6cccf6f0ae3219fb469833d4d2a4d9e53235841a26b","PRESERVE_AND_REGRESSION_TEST"
"monitoring/telegram/telegram_reporter.py","_send","57","70","function","13690e50d2cdd89ff67c91c061028d5d4a86ce8a08f0b3aed876c11a43efb082","PRESERVE_AND_REGRESSION_TEST"
"monitoring/telegram/telegram_reporter.py","main","73","120","function","b1d7e98af59f925f3b1a3724b5740a5721713a3bd7d3bddea01dae5514b03545","PRESERVE_AND_REGRESSION_TEST"
"scripts/activate_codeowners.py","validate_owner","144","154","function","37cb052cb4f1836653304ab757eca2469eef18574c3da3f5aa6db57a112ecb2a","PRESERVE_AND_REGRESSION_TEST"
"scripts/activate_codeowners.py","validate_license_owner","157","167","function","534e0577c8c9c9db633d952acbfa4c31d506cebafdc0720b609b4f86d0705155","PRESERVE_AND_REGRESSION_TEST"
"scripts/activate_codeowners.py","write_codeowners","170","195","function","d25f0b0464afec5b1b55bd777261b8cafa60b7ce93358486074b32c1cbcee1fb","PRESERVE_AND_REGRESSION_TEST"
"scripts/activate_codeowners.py","write_license","198","211","function","e6378ba2a5564b4ad0051071e9df5b107b5b9fb7265ae13b0a2d33d74c115951","PRESERVE_AND_REGRESSION_TEST"
"scripts/activate_codeowners.py","_atomic_write","214","222","function","95e81d36cfe06ac7c5c5d9532efced2eead3554e782c44c880d0273852b0641b","PRESERVE_AND_REGRESSION_TEST"
"scripts/activate_codeowners.py","ensure_ledger_rows","225","248","function","0af10c90cbe0adbe7d340ee9ff2753dba6c0a746d8291a298c8f6b445ce38b29","PRESERVE_AND_REGRESSION_TEST"
"scripts/activate_codeowners.py","run","251","256","function","16b6dc46262f486cfd51c0c7bedf98d63269c6d60d8937ee6a55a216dfceaedd","PRESERVE_AND_REGRESSION_TEST"
"scripts/activate_codeowners.py","main","259","316","function","364223463c4471a7df46c827faea99976d90513f0ee7a2308ebf6cef65aa94df","PRESERVE_AND_REGRESSION_TEST"
"scripts/api_readiness.py","_NoRedirect.redirect_request","44","45","function","43b40190e28a5dc0908aa8eeb9c0f4b3ba755d507e6fa9b82e55edf8c6f8e6c1","PRESERVE_AND_REGRESSION_TEST"
"scripts/api_readiness.py","_required","48","55","function","be797666a31d3282a736bed6d369768781fc18bafe15da13693426598039fd0a","PRESERVE_AND_REGRESSION_TEST"
"scripts/api_readiness.py","_boolean","58","62","function","6a837b6e025185fe76341b7ad5f46e8d7a45b0507e42fb059d76e4fa4a3f8114","PRESERVE_AND_REGRESSION_TEST"
"scripts/api_readiness.py","_integer","65","74","function","31d8e9e9e8960dd729990d380580caa9566cbdd1a15ccd014b36a6bd1e86b287","PRESERVE_AND_REGRESSION_TEST"
"scripts/api_readiness.py","_release_mode","77","84","function","7043f510207078dd02ccc2db778271a278b989e0ee874367d239f09c7d84fdfe","PRESERVE_AND_REGRESSION_TEST"
"scripts/api_readiness.py","ApiReadinessProbe.__init__","90","119","function","534335acbf71ca66506a0c94691e1eaa7c36d431a3d151b9cedba91fa14e1215","PRESERVE_AND_REGRESSION_TEST"
"scripts/api_readiness.py","ApiReadinessProbe._validate_identity","121","152","function","7325d9caab22e86f2cbb9c24ca514d2a53b061c7a068f949928be4a2413d13f6","PRESERVE_AND_REGRESSION_TEST"
"scripts/api_readiness.py","ApiReadinessProbe._request_json","154","193","function","cfad1b5cc7f8d93bac049e0616586b09f8d580ec16b2d11e23966b4341ef8356","PRESERVE_AND_REGRESSION_TEST"
"scripts/api_readiness.py","ApiReadinessProbe._signed_params","195","207","function","37d9fddf42d9f0827061e1dfdbc5d17360a0c1d7e3e74c342ba6a989e80b29ff","PRESERVE_AND_REGRESSION_TEST"
"scripts/api_readiness.py","ApiReadinessProbe._binance","209","277","function","6535d61f6ffc1f58ab94c3b541802f6547b8b747ef85cc276bb2cc42e565c417","PRESERVE_AND_REGRESSION_TEST"
"scripts/api_readiness.py","ApiReadinessProbe._telegram","279","302","function","19e02ae3aa869fac26f1db5f1ab5c959b713bea84f916229701cc0c1a5edbcd3","PRESERVE_AND_REGRESSION_TEST"
"scripts/api_readiness.py","ApiReadinessProbe._optional_providers","304","389","function","ed6634d47a3d62a8d0d5e73fc47276ccb437229b1c300a3d07d6391c4f2ec15e","PRESERVE_AND_REGRESSION_TEST"
"scripts/api_readiness.py","ApiReadinessProbe.run","391","408","function","c5472c8a47e0ccf8cc430bb8c0bbb9e226868302b78768d5ccf221a38bcaa28d","PRESERVE_AND_REGRESSION_TEST"
"scripts/api_readiness.py","main","411","446","function","0d76204284517f1c9198a1aa15fe7702b6f8811f159e91a708e91a1dc0210e75","PRESERVE_AND_REGRESSION_TEST"
"scripts/build_artifact_provenance.py","_sha256","15","16","function","9da2ea2c4f7f9301e06e1ac26911597bbebdfdf8b3864861379b3e0612b9b38b","PRESERVE_AND_REGRESSION_TEST"
"scripts/build_artifact_provenance.py","build","19","59","function","01d3e84cbf482062b59fc210ec4c3de4cf664d3e41d65388ce0ddd798140cac3","PRESERVE_AND_REGRESSION_TEST"
"scripts/build_artifact_provenance.py","main","62","73","function","3cae332488bb49db718e7e0dfdb999a97c38330b9875dda24bbee320d6dfb294","PRESERVE_AND_REGRESSION_TEST"
"scripts/build_audit_ledgers.py","release_paths","47","60","function","6534b70b1878cc340850477dbad7d2545b71ae6e0e4aaa1cec96065c45a74851","PRESERVE_AND_REGRESSION_TEST"
"scripts/build_audit_ledgers.py","FunctionVisitor.__init__","64","68","function","8df0963c814dae2585a1be9dff824edd559fde4d35607634e96f7c7b371d459a","PRESERVE_AND_REGRESSION_TEST"
"scripts/build_audit_ledgers.py","FunctionVisitor._visit_function","70","100","function","0d0eaa7a90a8f179211d60d3384e7993eba49be657839dd1d3e1dfe7dabe5edc","PRESERVE_AND_REGRESSION_TEST"
"scripts/build_audit_ledgers.py","FunctionVisitor.visit_ClassDef","102","105","function","e18b07eea947e98f15c841ad8fcd8fa252e36b7889dafb5442137a56e8d81808","PRESERVE_AND_REGRESSION_TEST"
"scripts/build_audit_ledgers.py","FunctionVisitor.visit_FunctionDef","107","108","function","a3cfc000ca6b40a0d08e7ab5aaece1934c0b14389d76074f525eb1a0c5248071","PRESERVE_AND_REGRESSION_TEST"
"scripts/build_audit_ledgers.py","FunctionVisitor.visit_AsyncFunctionDef","110","111","function","391dedeaf570867af6b90b7612612703ac85f9e37272fbf5f599dccb3e6107f8","PRESERVE_AND_REGRESSION_TEST"
"scripts/build_audit_ledgers.py","python_function_rows","114","128","function","5d7ffd07dad0ab7026ee3a0fa83e843fb40c3fb44cd65bae39860b92146568e0","PRESERVE_AND_REGRESSION_TEST"
"scripts/build_audit_ledgers.py","shell_function_rows","131","164","function","9351d696086a72b89c64273c8fd2903aa600ad4de471059ad68b63eba09b088c","PRESERVE_AND_REGRESSION_TEST"
"scripts/build_audit_ledgers.py","function_rows","167","176","function","b037bb8eb9a566e507bee69b78b56e474ab66b95c58e752613b65a1bc39490ff","PRESERVE_AND_REGRESSION_TEST"
"scripts/build_audit_ledgers.py","matrix_text","179","189","function","eca84f1058587ccced5b9f9cc2d515d1ac471c3f6d57e5cdcb3648b3499554ae","PRESERVE_AND_REGRESSION_TEST"
"scripts/build_audit_ledgers.py","function_guide_text","192","233","function","2d8fd1af8ad0605fd04d3e34d82dd44f9c34e9ca0bcfa00bdc02887c28252696","PRESERVE_AND_REGRESSION_TEST"
"scripts/build_audit_ledgers.py","verify_file_ledger","236","252","function","a3a62eaada459842c3cd8140fe48db7d377ce36b1a84c00f24283300114dd162","PRESERVE_AND_REGRESSION_TEST"
"scripts/build_audit_ledgers.py","main","255","302","function","a2a79ea9a29eb35ebab439d5c174b3ad2727b2f00a471ea59c88515f468ac7c9","PRESERVE_AND_REGRESSION_TEST"
"scripts/build_manifest.py","sha","46","47","function","35b5b3454a88d2449f46f4dc3ad36a7e13b940072403c2b416b4dbef88e39ae5","PRESERVE_AND_REGRESSION_TEST"
"scripts/build_manifest.py","main","50","111","function","a4cb266fe2455b6028cebdf7aedaf0696f7d085f0313d565c5f3fb9f61b218a3","PRESERVE_AND_REGRESSION_TEST"
"scripts/build_release_zip.py","sha256","18","23","function","1ab08ec7db4fe5963209e4eb6371d40b5ffd1f81d53f5804eb321406c338181b","PRESERVE_AND_REGRESSION_TEST"
"scripts/build_release_zip.py","release_files","26","37","function","02dc137a41343ae65e5bffc2533a59917dbcbbd2117a3ba8c798b4234fafe882","PRESERVE_AND_REGRESSION_TEST"
"scripts/build_release_zip.py","ensure_external_output","40","48","function","b42ff67f580d10db7c77d046036809d183ff3350b2469469bc26d75f22cf1cca","PRESERVE_AND_REGRESSION_TEST"
"scripts/build_release_zip.py","build","51","98","function","63ccc6b1dec7bd455e1ffed1aeb826b7b9b5c4ee39d095737f7be9b63b4caa88","PRESERVE_AND_REGRESSION_TEST"
"scripts/build_release_zip.py","main","101","112","function","ac6ec8eed0c58b5a032a0ba15ee4837cae0503a81322b7c40d209d6f711c55d7","PRESERVE_AND_REGRESSION_TEST"
"scripts/build_sbom.py","_sha256","19","20","function","9da2ea2c4f7f9301e06e1ac26911597bbebdfdf8b3864861379b3e0612b9b38b","PRESERVE_AND_REGRESSION_TEST"
"scripts/build_sbom.py","_normalise","23","24","function","32479d684380588d45d31671d50e3c5dfe481af48e0cc73736ea8e85337494b2","PRESERVE_AND_REGRESSION_TEST"
"scripts/build_sbom.py","build","27","97","function","a8c0d608937d51a8c08295beb3379266c9e9818d68273ace6011d511d6e197bb","PRESERVE_AND_REGRESSION_TEST"
"scripts/build_sbom.py","payload","100","101","function","8fc999f976bff501f76445212414de075205e2af7f95f17e94a9c39b46c3c03f","PRESERVE_AND_REGRESSION_TEST"
"scripts/build_sbom.py","main","104","115","function","46960b1896faad49cb79261f889dc74ed8e268f23f70327c8ae64ef126643e93","PRESERVE_AND_REGRESSION_TEST"
"scripts/certify_live_evidence.py","_load_risk_env","45","57","function","9230c2063d5c436a9d700eb22a8636f505aa2adc38b05cfb4aa68cd2c4a5fd5e","PRESERVE_AND_REGRESSION_TEST"
"scripts/certify_live_evidence.py","_keygen","60","78","function","b232fb0d670460a032044abaa52e4e889f76d625d6ec6c99877ec0870c0c3ad7","PRESERVE_AND_REGRESSION_TEST"
"scripts/certify_live_evidence.py","_template","81","90","function","b5b5ed57cec0ab37d3c8bb99cd6ef56eab83be010aba774cf2a89072731bb17f","PRESERVE_AND_REGRESSION_TEST"
"scripts/certify_live_evidence.py","_certify","93","177","function","6547d51ab3bf970136fcbfebb7c2658108008765d514aded61f0bcb1824e0388","PRESERVE_AND_REGRESSION_TEST"
"scripts/certify_live_evidence.py","_parser","180","201","function","58b90bf47bd9fafe25ae77c4a914cf02122e1b9a7db0d15618220d98461224ff","PRESERVE_AND_REGRESSION_TEST"
"scripts/certify_live_evidence.py","main","204","206","function","9e1194a5afa3de794a2ce3e3a214c22c9bd78c6b3aa49a1e208f4bbe4c822e7b","PRESERVE_AND_REGRESSION_TEST"
"scripts/scan_git_history_secrets.py","_placeholder","51","57","function","15c6075dc77a91cdf8e3230efcdd386d6a84af86bc698a73e1cb093731b9ff4b","PRESERVE_AND_REGRESSION_TEST"
"scripts/scan_git_history_secrets.py","scan_history","60","95","function","4f9c4b8410dc44d091d1950d678d10182594474b74ab573c5c5996279d41ea3f","PRESERVE_AND_REGRESSION_TEST"
"scripts/scan_git_history_secrets.py","main","98","108","function","3c0915e25161a02f206971f66094c70e49fc8cd432e07fee16851a973ac789b2","PRESERVE_AND_REGRESSION_TEST"
"scripts/set_git_exec_bits.py","git","42","49","function","05cd62c5ed1e68868e2a10fdba0e7bf5f54bacf4fe0aea3b98cb17a70b4fcaab","PRESERVE_AND_REGRESSION_TEST"
"scripts/set_git_exec_bits.py","tracked_files","52","61","function","2d09cb9c4bba5e362b110a1d9217ba50217fa8883ef57a52b4ec872cc9e378e4","PRESERVE_AND_REGRESSION_TEST"
"scripts/set_git_exec_bits.py","expected_executables","64","69","function","c4817b289d315da69bc9eefbea88a9ba222f6d733788a1d5d8f8feafad0890ef","PRESERVE_AND_REGRESSION_TEST"
"scripts/set_git_exec_bits.py","indexed_modes","72","82","function","8a129b4890142095f3f3d4f77574f8700fd4e77916635dfb10dcaae626913c11","PRESERVE_AND_REGRESSION_TEST"
"scripts/set_git_exec_bits.py","main","85","144","function","23e9064dff488f1ff54c9636d4d05073e3b95c372e2d04e0d1180fe3c7a5fdf7","PRESERVE_AND_REGRESSION_TEST"
"scripts/verify_artifact_provenance.py","_sha256","21","22","function","9da2ea2c4f7f9301e06e1ac26911597bbebdfdf8b3864861379b3e0612b9b38b","PRESERVE_AND_REGRESSION_TEST"
"scripts/verify_artifact_provenance.py","main","25","95","function","1707d2a9d49effdd53783551d3031752949a4541f7e1f54b39e93ca7a47a65ac","PRESERVE_AND_REGRESSION_TEST"
"scripts/verify_binance_public_kline_archive.py","file_sha256","30","35","function","f7e0b5503199ef10ddf025ba3c07c40e851ef72048c49841189cd9945371fc6e","PRESERVE_AND_REGRESSION_TEST"
"scripts/verify_binance_public_kline_archive.py","expected_checksum","38","59","function","501eea122096f117c84719001fde3c1f67e246feac189ec8462d222f62e81dcf","PRESERVE_AND_REGRESSION_TEST"
"scripts/verify_binance_public_kline_archive.py","safe_members","62","94","function","90d7b5c097db2d719e98d134f420c3cdfa88f493967cccc615addb34592661ee","PRESERVE_AND_REGRESSION_TEST"
"scripts/verify_binance_public_kline_archive.py","timestamp_unit","97","103","function","1074c90b5f4f7c5d39830bbf869fc9991fdb7d091f5f6f3d3000f69ec12eb2db","PRESERVE_AND_REGRESSION_TEST"
"scripts/verify_binance_public_kline_archive.py","decimal_value","106","117","function","35a2969776b8425c67e3a9ed9e57d46807e282a46356a3df6fde2a8d81fa5c32","PRESERVE_AND_REGRESSION_TEST"
"scripts/verify_binance_public_kline_archive.py","inspect_kline_csv","120","199","function","2e8e748c03de1d672a59c0e4440a59fce7239249d9075c1bf129aa4ca0ec7dbb","PRESERVE_AND_REGRESSION_TEST"
"scripts/verify_binance_public_kline_archive.py","verify_archive","202","223","function","d356b5a4a859fcbdf90f5fcb58ff6e37620f4e5301a9d00993cb52455e87be26","PRESERVE_AND_REGRESSION_TEST"
"scripts/verify_binance_public_kline_archive.py","main","226","244","function","46eade2a24851e471306327727ed5d0e4f134e932753fa34dac31264cadc545d","PRESERVE_AND_REGRESSION_TEST"
"scripts/verify_coverage_ratchet.py","measured_percent","10","15","function","a53e1a2d262f1c07f2f4f8f2d7ef7af7514d6007440159d41f6ae196da065e10","PRESERVE_AND_REGRESSION_TEST"
"scripts/verify_coverage_ratchet.py","main","18","37","function","42bee345d075e1b145968c92ab0028f638f50103979a687ff380f9e8d08ae1df","PRESERVE_AND_REGRESSION_TEST"
"scripts/verify_external_validation_evidence.py","_utc","38","50","function","64ae0a6d56c5868efae81b5d564052f20a25805a80f63891c07c811205499108","PRESERVE_AND_REGRESSION_TEST"
"scripts/verify_external_validation_evidence.py","_walk_keys","53","63","function","2b5c6e9ef18bec4d084e1c258121ee24d186437cfec3da15f316d45e255131b2","PRESERVE_AND_REGRESSION_TEST"
"scripts/verify_external_validation_evidence.py","validate","66","114","function","f4f8135ae4d85687ad48f6161ca50029a0f5c5800e0754c90677d7779d8d4d3f","PRESERVE_AND_REGRESSION_TEST"
"scripts/verify_external_validation_evidence.py","main","117","140","function","02d8a562c9cbc4215936d3b2020bc52bae2647473981f2ba6e2ae8c499c5460e","PRESERVE_AND_REGRESSION_TEST"
"scripts/verify_four_bot_cohost.py","load_contract","59","66","function","861290775b24a2aa45be90ee0cd40d201a377805b6e55ef9b31cc2993d804d20","PRESERVE_AND_REGRESSION_TEST"
"scripts/verify_four_bot_cohost.py","parse_identity","69","80","function","a4caddf4d27cc5d4fcd7f4eeab7804b8992b79ed407ff3d524cdac29c57c66f5","PRESERVE_AND_REGRESSION_TEST"
"scripts/verify_four_bot_cohost.py","parse_env","83","97","function","55afe453ca1e4f11035648c9b5f83da241701810c95bd557623c4b2c631979dd","PRESERVE_AND_REGRESSION_TEST"
"scripts/verify_four_bot_cohost.py","local_instance","100","105","function","0bc6fff51c10e3bdd79050d5cc086d8d3babc090310d5718fc38101d9e764ad8","PRESERVE_AND_REGRESSION_TEST"
"scripts/verify_four_bot_cohost.py","check_uniqueness","108","123","function","05ab4628ba3bee887cd30b2aa775c915575ea4e64a4d2befe0dbd4cc71da745d","PRESERVE_AND_REGRESSION_TEST"
"scripts/verify_four_bot_cohost.py","memory_to_mib","126","128","function","eb93636103f7c0e1ac5a5a334da4c97e670426ea2cc6fef12740654bc8931b72","PRESERVE_AND_REGRESSION_TEST"
"scripts/verify_four_bot_cohost.py","check_local_static","131","198","function","5546640e8fa7011eb07c6f33f403aa58aae6ffd8d55149345b08801e219e5f39","PRESERVE_AND_REGRESSION_TEST"
"scripts/verify_four_bot_cohost.py","read_meminfo","201","206","function","ff137271857d74fdc2885e3cb1edddd9a0602222686042be9730b8a99c86e468","PRESERVE_AND_REGRESSION_TEST"
"scripts/verify_four_bot_cohost.py","canonical_directory","209","210","function","0db85e66072c91cc803846ffcaa9dde241bb44e9dcedf4dac55f738f2dd61b87","PRESERVE_AND_REGRESSION_TEST"
"scripts/verify_four_bot_cohost.py","check_host","213","418","function","e12c611beb247c36320053e03731e56575b52cf1e3a176dc3156816bf9024335","PRESERVE_AND_REGRESSION_TEST"
"scripts/verify_four_bot_cohost.py","main","421","441","function","a3bc098549afeac2a7534f1e2a916f9e693764a974720bedd267c0bd8e512278","PRESERVE_AND_REGRESSION_TEST"
"scripts/verify_freqtrade_runtime.py","run","23","29","function","8f2b1d8b7567e43114720fad2009028cf6af81d8be9e4e4a77561fd2cbe04f24","PRESERVE_AND_REGRESSION_TEST"
"scripts/verify_freqtrade_runtime.py","main","32","121","function","561db7f16375903f3e69cc0cbe211c39dba87546bb8dec5c2b83348c7cb90312","PRESERVE_AND_REGRESSION_TEST"
"scripts/verify_live_evidence.py","main","22","53","function","f7f8a60072ee6a469f92578744706143d20f99ef0ae6d1d2550ef5b73ca1c9b3","PRESERVE_AND_REGRESSION_TEST"
"scripts/verify_manifest.py","sha","10","11","function","35b5b3454a88d2449f46f4dc3ad36a7e13b940072403c2b416b4dbef88e39ae5","PRESERVE_AND_REGRESSION_TEST"
"scripts/verify_manifest.py","current_release_files","14","25","function","8f8538fbc97341a5d35d746a3ad0753e0885617434c7e3bb81c9648b21dbf0d8","PRESERVE_AND_REGRESSION_TEST"
"scripts/verify_manifest.py","main","28","90","function","60082163664f2cf2f04ce54322074b4b89e4fc0be8c1ffff65125140b4e66bde","PRESERVE_AND_REGRESSION_TEST"
"scripts/verify_systemd_units.py","load_instance_identity","49","68","function","2255f5045f09813983fa92e9e459be654ea9da841a09e016d489702862462844","PRESERVE_AND_REGRESSION_TEST"
"scripts/verify_systemd_units.py","fail","124","126","function","ba1c66310c4cb448eb5d6f9c112ab9edbfe933261fc3b7cee850c8e614e9bf82","PRESERVE_AND_REGRESSION_TEST"
"scripts/verify_systemd_units.py","resolve_context","129","140","function","060cccfeada524e687b9bfcf6572aa5d368c33b5ace4ed464a237440f40b0681","PRESERVE_AND_REGRESSION_TEST"
"scripts/verify_systemd_units.py","display_path","143","149","function","c0844bf340c591d17d872e3d475e21b8387f78d7f07f7d431dd11c9c44a80c8f","PRESERVE_AND_REGRESSION_TEST"
"scripts/verify_systemd_units.py","unit_files","152","164","function","826834adce4820c7c1d8dde673a1ae0565c5843b535e15a54e8c528dd97e7551","PRESERVE_AND_REGRESSION_TEST"
"scripts/verify_systemd_units.py","installed_unit_files","167","177","function","fd026b5aff2526d436374047a4ef5965b06ffebf316e540d97b9c9a77851a3e0","PRESERVE_AND_REGRESSION_TEST"
"scripts/verify_systemd_units.py","project_owned","180","181","function","a856d060d46ec0ca5c4b9dd882eaeaaabd4726f5f985e2e9404698048c96fedb","PRESERVE_AND_REGRESSION_TEST"
"scripts/verify_systemd_units.py","strip_exec_prefixes","184","186","function","ece36a0d656a000964858ce686319e3173733f3a030e7aaf0b4143e305aeef1d","PRESERVE_AND_REGRESSION_TEST"
"scripts/verify_systemd_units.py","command_path","189","194","function","439f3216e6426774e2186def829dcce184f3d7e5854f0329f9183195d7299b6d","PRESERVE_AND_REGRESSION_TEST"
"scripts/verify_systemd_units.py","check_hardening","197","214","function","69f50936edd59ed15fd4762cb8643b758d00f2dd7a7977c098533e4adbae6991","PRESERVE_AND_REGRESSION_TEST"
"scripts/verify_systemd_units.py","check_installed_paths","217","252","function","8574bda6dd4963cb12b6b7726c8935a1036968a8c704c6ba3af66e0d37fcf3a8","PRESERVE_AND_REGRESSION_TEST"
"scripts/verify_systemd_units.py","classify_source_line","255","278","function","7381733d2a101c28969b109e488c04ade408e860ee24f3b86345088adad8f1da","PRESERVE_AND_REGRESSION_TEST"
"scripts/verify_systemd_units.py","run_analyze","281","288","function","f9d44d526eb0b36777cc7005745bc403d9d257c945304d35fe6f70953931f95c","PRESERVE_AND_REGRESSION_TEST"
"scripts/verify_systemd_units.py","main","291","343","function","f7bce294dc2a935795facdc33580f980db68402621ed058625dc4e3bbc5c3e52","PRESERVE_AND_REGRESSION_TEST"
"services/common/atomic.py","_fsync_parent_directory","7","19","function","338e145ef11ce980e062d290125df9d062b95c3ca0a5bcd9d5d4a28145986086","PRESERVE_AND_REGRESSION_TEST"
"services/common/atomic.py","atomic_write_json","22","45","function","01bb904814104d3bd49a8cc4b7f9e574ecd27816ecb4bc8e630b03da8b2953ae","PRESERVE_AND_REGRESSION_TEST"
"services/common/atomic.py","read_json","48","53","function","45657427e99e7a80288206d141d807d33de3b3a1e5447ac3cd66548e058fbe11","PRESERVE_AND_REGRESSION_TEST"
"services/common/audit.py","_lock_exclusive","15","16","function","2fb119cd3b141a19670f604fd865da13c066a1837e3aee07e2d3d58e9a5a73e6","PRESERVE_AND_REGRESSION_TEST"
"services/common/audit.py","_unlock","18","19","function","99de6f3c4a64d9a9d4a0c2f7e9144df22bd482ce2db801ab7f9ac4f41c17efbd","PRESERVE_AND_REGRESSION_TEST"
"services/common/audit.py","_lock_exclusive","23","25","function","f914600c35a8fa5a68d3a344164bac15046c8f2d66dbd3fcc89d88146fea1832","PRESERVE_AND_REGRESSION_TEST"
"services/common/audit.py","_unlock","27","29","function","a1f502376dd09199bf12ed8dff3e7cba74a63ec6a2009385ee3bb6c1ddd958bb","PRESERVE_AND_REGRESSION_TEST"
"services/common/audit.py","_rotate","34","52","function","ff7f91a659d8bfa94c8897f33a800e130cc921186d89e150a0f5fbf87fc77fc0","PRESERVE_AND_REGRESSION_TEST"
"services/common/audit.py","audit","55","85","function","261d56d0cfc05eb7ea6d46c3b824895a65e14bbb172dd1e9d94af77b568e6c22","PRESERVE_AND_REGRESSION_TEST"
"services/common/binance_public.py","BinanceRateLimitError.__init__","37","40","function","3afda7f184a2668c95780b17a5a0096f0167fcee30b0462021b3001c4065a527","PRESERVE_AND_REGRESSION_TEST"
"services/common/binance_public.py","BinancePublicClient.__init__","44","51","function","941af830479dd2c530807859bc9a70db4ee111ef1f951ae13365168ce386c399","PRESERVE_AND_REGRESSION_TEST"
"services/common/binance_public.py","BinancePublicClient._retry_after_seconds","54","59","function","d1a5d07f60ae80d06f5c85204bfe2d7f4eb149d465f5e36114f20458bfe9ab93","PRESERVE_AND_REGRESSION_TEST"
"services/common/binance_public.py","BinancePublicClient.get","61","98","function","f042fb8ef2a1be03b1f32c94afa8cc24af4d9be7da900f41339735078b768a73","PRESERVE_AND_REGRESSION_TEST"
"services/common/binance_public.py","BinancePublicClient.exchange_info","101","107","function","02b205e6617ef800034e55726dde7864024bcbdd64e7cb2dfefff35d43c31de3","PRESERVE_AND_REGRESSION_TEST"
"services/common/binance_public.py","BinancePublicClient.execution_rules","109","117","function","9ceefcbf3d5df50c883712afd0981e07a5450cea62fb40270dcafe5f5f66ba4d","PRESERVE_AND_REGRESSION_TEST"
"services/common/binance_public.py","BinancePublicClient.ticker_price","119","120","function","6e7970721cca162e34948662099097a0e714d6ce0623e8fad5f6fd2d2eff0525","PRESERVE_AND_REGRESSION_TEST"
"services/common/binance_public.py","BinancePublicClient.reference_price","125","148","function","39f2f5a5622dd5f21cc52cbc6662c3e599b67ef53b6abbe0e860cc2a7092387c","PRESERVE_AND_REGRESSION_TEST"
"services/common/binance_public.py","BinancePublicClient.exact_spot_symbol","150","156","function","a4a1c5132cedc84f05a00ff9c9372c87c526b9d4990e6f1f017794bd2957e81e","PRESERVE_AND_REGRESSION_TEST"
"services/common/config_bounds.py","env_int","16","27","function","81f4054d6c210d1f445333d49f68af092d4e66a8e1ae3d64dbf2c79d666b641a","PRESERVE_AND_REGRESSION_TEST"
"services/common/config_bounds.py","env_float","30","43","function","6118739711a42da95ebf9ef8c5854dd6d49799b7eb0e6926ac7a02c2fd8c3b43","PRESERVE_AND_REGRESSION_TEST"
"services/common/config_bounds.py","env_choice","46","51","function","11f07bf2931c10bffca11032f1d6c239a6dcb1cf9486e9836b6e3c5a7fbe8443","PRESERVE_AND_REGRESSION_TEST"
"services/common/envelope.py","canonical_bytes","60","61","function","977528c902e960bc37ccffba5e2f114366fe7786e1ce4eba0fc34ba4b97a358c","PRESERVE_AND_REGRESSION_TEST"
"services/common/envelope.py","installed_release_hash","64","78","function","6385e27edd0ce931c87065f9f73a2ee9eaad05af89ba0ee62069d19f8f8a6f06","PRESERVE_AND_REGRESSION_TEST"
"services/common/envelope.py","load_key","81","91","function","331d91084b40f5125f80dc9f16357ca2682de761562f49ce2681536704aa27a5","PRESERVE_AND_REGRESSION_TEST"
"services/common/envelope.py","sign_envelope","94","129","function","7552d9b2cfbd000187ce809775ff081b0a2b40b9e0b9d60b3e18525e04b1aab5","PRESERVE_AND_REGRESSION_TEST"
"services/common/envelope.py","verify_envelope","132","182","function","51e7b1990c9a0ff764afff09f5e035daa3544206bee56ee779f6f08968e713c6","PRESERVE_AND_REGRESSION_TEST"
"services/common/envelope.py","read_verified_file","185","193","function","d475a13ff91482d1f632b61a263f5a7b8f2f015778de34a67982a9e4ae8a4048","PRESERVE_AND_REGRESSION_TEST"
"services/common/evidence_signature.py","canonical_bytes","26","28","function","b73d328e79e6601562f4bacf228b6b701478a13fb794ffc50c43fa4170d627ca","PRESERVE_AND_REGRESSION_TEST"
"services/common/evidence_signature.py","public_key_b64","31","32","function","1b0b85fb98fd75659e0abca5d6bc194b7fcfed567659372859e42c880f6f3e07","PRESERVE_AND_REGRESSION_TEST"
"services/common/evidence_signature.py","import_public_key","35","50","function","0f91ac3429b5532745020db82489171abe5c87e94ef5706d808bfcf5f4fbb6f8","PRESERVE_AND_REGRESSION_TEST"
"services/common/evidence_signature.py","sign_document","53","78","function","56cde11bbe2777de83fb009f0aa4d27e0863b6c2044bd17b5a8b8f491a7f663d","PRESERVE_AND_REGRESSION_TEST"
"services/common/evidence_signature.py","verify_document","81","130","function","56a1d3b3731cb7607bb9a65ecbcb172bff8ad7a5680865a1dc8483042f51cd7f","PRESERVE_AND_REGRESSION_TEST"
"services/common/market_policy.py","_quotes","24","30","function","8e746a3dbce4e212d357dab6cf135548219552f267ac4b6fa558ee98a8a7c69f","PRESERVE_AND_REGRESSION_TEST"
"services/common/market_policy.py","allowed_quotes_from_env","33","38","function","9a1c56cba37d720c4774d9134841903f7ce5d65bc164c8c60d2fe0bc120120b3","PRESERVE_AND_REGRESSION_TEST"
"services/common/market_policy.py","canonical_pair","41","56","function","aaccae62d139818f6be30a6c047edeea8efbd80fa8f0a191cf53263c09c264ac","PRESERVE_AND_REGRESSION_TEST"
"services/common/market_policy.py","symbol_for_pair","59","60","function","eca545bdebb4c1bf20b503d270509629817e520040f0ae8e9a24e27599814921","PRESERVE_AND_REGRESSION_TEST"
"services/common/market_policy.py","quote_for_pair","63","64","function","4bbfacc1c838ca4c587d3d2a73a19f7515d82638ba68e894db00b965d1256cc3","PRESERVE_AND_REGRESSION_TEST"
"services/common/market_policy.py","validate_exchange_symbol","67","111","function","1c5ccb8515a14bd50001ca5411ab8d88f5130a52239c1f84c354c05e47a8832a","PRESERVE_AND_REGRESSION_TEST"
"services/common/market_policy.py","pair_state_hash","114","126","function","5a45a0a9724108a26acd1faa3bbfd212d6b5bce8caa65f5f3bb89c53e3922067","PRESERVE_AND_REGRESSION_TEST"
"services/common/market_policy.py","pair_config_hash","129","140","function","cce6bf1288f28d48a7c968ff8a4d3a2f5e9b22041998a1f0336af70da285a1b2","PRESERVE_AND_REGRESSION_TEST"
"services/common/models.py","Signal.to_dict","42","43","function","4000cec762a8fe3edc614a12651846308521a4ef750d90cf11ed6c730583b21c","PRESERVE_AND_REGRESSION_TEST"
"services/common/pair_registry.py","PairRegistry.__init__","32","46","function","b3200230ab8dedf1fb86bcb605c88b9e6e8005a506d80a4356efa7bd8680ead5","PRESERVE_AND_REGRESSION_TEST"
"services/common/pair_registry.py","PairRegistry._registry_hash","49","62","function","526430a994105318b4ef3a4bef482589376fda769165fbe8dc3f1af7c0110559","PRESERVE_AND_REGRESSION_TEST"
"services/common/pair_registry.py","PairRegistry._row","64","101","function","56ac7c64e827796d1032d2e5451fe203fb194337f2236e12ffc3894208d0c07b","PRESERVE_AND_REGRESSION_TEST"
"services/common/pair_registry.py","PairRegistry._validate_snapshot","103","150","function","810d3c6c38ec60260dcd0e565db60bbc4090a143e021996e74c172db24b51a5a","PRESERVE_AND_REGRESSION_TEST"
"services/common/pair_registry.py","PairRegistry._cached","152","165","function","4c6bed932bb0f3dcf2ad4be771dd64a512a67319e11fb4b8c4e5055e307b4e6b","PRESERVE_AND_REGRESSION_TEST"
"services/common/pair_registry.py","PairRegistry.refresh","167","208","function","b887319d5e283b623bea7f1a509b0cbafdfa81174b3bee76fe108165962ac282","PRESERVE_AND_REGRESSION_TEST"
"services/common/pair_registry.py","PairRegistry.require_pair","210","224","function","516cb37381446f54a3c4b8934b76cf8102e2d26fb3635c7bd82001152e0de6e7","PRESERVE_AND_REGRESSION_TEST"
"services/common/redaction.py","_configured_secrets","25","34","function","3554b1949f19c473508813b6bb74fc02fc19d35c72c37d3b095624ae3e89c2c4","PRESERVE_AND_REGRESSION_TEST"
"services/common/redaction.py","redact_text","37","44","function","68e5377f620e472bac7b344153bc20193d3df70730e7c38922dee7c65ddc39bb","PRESERVE_AND_REGRESSION_TEST"
"services/common/redaction.py","redact","47","57","function","b437b1e56e2a38b0c9b36c88802ddc4812e1b452ea509970de1888d0733cf19a","PRESERVE_AND_REGRESSION_TEST"
"services/common/retention.py","prune_files","7","43","function","70ee7794290779a1b7c46abd8c0b3952a0750fcbb07f3c24777cf78de3c6985c","PRESERVE_AND_REGRESSION_TEST"
"services/common/strategy_fingerprint.py","_method_node","39","48","function","1cf65e2eafd32ff99579184d46da598418f35cc7f5981b14760d3c7a9bbc6045","PRESERVE_AND_REGRESSION_TEST"
"services/common/strategy_fingerprint.py","method_source_segment_from_text","51","57","function","58a95f01f021f1ec8d3e19e086cdb340ee52bf73da0b04711e8fa7e2a4719311","PRESERVE_AND_REGRESSION_TEST"
"services/common/strategy_fingerprint.py","method_source_segment","60","63","function","9fd8da33315e6ed0314ac0d74fbc5da0761bd4f2781c8ea83c5fe41aad9ef7c8","PRESERVE_AND_REGRESSION_TEST"
"services/common/strategy_fingerprint.py","source_hash","66","68","function","9eeb247e5bd012f83f369c852e55fbc7916f63430665381c2ffd0e37de75f53e","PRESERVE_AND_REGRESSION_TEST"
"services/common/strategy_fingerprint.py","token_stream","71","81","function","4d39743d88062c9ac37fb59b1c60e8cc71feb34bef4002b126732d7439e1113b","PRESERVE_AND_REGRESSION_TEST"
"services/common/strategy_fingerprint.py","token_hash","84","87","function","38043eede2947f1f3b6d0922c22f0cc4edb742c3e7cd2aeb214fe141aa4a898c","PRESERVE_AND_REGRESSION_TEST"
"services/common/strategy_fingerprint.py","fingerprints","90","97","function","d3491b8193163b29254da3e18da2da5c2cbdfc9a9f63fa40a97d5a76aeeb17a5","PRESERVE_AND_REGRESSION_TEST"
"services/common/strategy_fingerprint.py","fingerprints_source","100","112","function","42bcf4c98ad3fdd5d902fcdc3c1592ec95729405c9e570fad0367ece5c4e2f13","PRESERVE_AND_REGRESSION_TEST"
"services/execution_sidecar/bitcoin_adapter.py","_decimal","53","54","function","a2318e0a7dd3275664f546f851cf768ba65e0fc0ba0ceeb19f140c929e2709d4","PRESERVE_AND_REGRESSION_TEST"
"services/execution_sidecar/bitcoin_adapter.py","BitcoinSpotAdapter.__init__","60","98","function","cbdb1ad1bc0aac5b84fc434929ccc7b5d5ffc49c52ce00c7ee31cca804276b10","PRESERVE_AND_REGRESSION_TEST"
"services/execution_sidecar/bitcoin_adapter.py","BitcoinSpotAdapter._rules","101","128","function","7c19210a33271b6b7e525b714295d221b4a9c3835421074c3bdbcdef7d9ca4e0","PRESERVE_AND_REGRESSION_TEST"
"services/execution_sidecar/bitcoin_adapter.py","BitcoinSpotAdapter._require_mode_capabilities","131","154","function","89b5076ebdce562e6ac9e7eaf46df8503e4a7bcd8dd888f42b132ceb7cdb2c37","PRESERVE_AND_REGRESSION_TEST"
"services/execution_sidecar/bitcoin_adapter.py","BitcoinSpotAdapter._price","157","161","function","dd25750327990413487be398a12724b86e398af94151525589617378f56ac4a3","PRESERVE_AND_REGRESSION_TEST"
"services/execution_sidecar/bitcoin_adapter.py","BitcoinSpotAdapter._best_ask","163","167","function","b1c96531e6d111c3b502fe023f83c6e044f78ef8ab515775432de72bbe24230f","PRESERVE_AND_REGRESSION_TEST"
"services/execution_sidecar/bitcoin_adapter.py","BitcoinSpotAdapter._best_bid","169","173","function","a500deb797581d518d2a6390fab0e63df46d13818758a1eba9cb0c7c06cdb839","PRESERVE_AND_REGRESSION_TEST"
"services/execution_sidecar/bitcoin_adapter.py","BitcoinSpotAdapter._current","175","177","function","6103b27a9534b3254526a63c4228ee98d58f62901cf061d0079657cd9be275cb","PRESERVE_AND_REGRESSION_TEST"
"services/execution_sidecar/bitcoin_adapter.py","BitcoinSpotAdapter._balances","180","189","function","2fad60c1987fcecab0f48da4930365683fb62de8f66bec72541f7d2553765dbc","PRESERVE_AND_REGRESSION_TEST"
"services/execution_sidecar/bitcoin_adapter.py","BitcoinSpotAdapter._free","191","192","function","3b0bf05c08a8859937ac7a5863fe0daff8d692a05f2b8ff84251ee1f4278c69e","PRESERVE_AND_REGRESSION_TEST"
"services/execution_sidecar/bitcoin_adapter.py","BitcoinSpotAdapter._response_ids","195","216","function","10040110b589bd13c6b4d7930e9784b4fea641cb4240797404668c78cb0551bd","PRESERVE_AND_REGRESSION_TEST"
"services/execution_sidecar/bitcoin_adapter.py","BitcoinSpotAdapter._rest_event","219","234","function","30ca536ba9c23b874c78dde615528ee8e88e8eb8383d86cbd6752219427553db","PRESERVE_AND_REGRESSION_TEST"
"services/execution_sidecar/bitcoin_adapter.py","BitcoinSpotAdapter._record_authenticated_event","236","240","function","39015ded4cd7e655c9d3d2dd4f0c51b903521ec58be228227a99478302996516","PRESERVE_AND_REGRESSION_TEST"
"services/execution_sidecar/bitcoin_adapter.py","BitcoinSpotAdapter._record_response_events","242","249","function","c21248b31905579972399bff79b95dff886b79d2162f1ccf4611ce8ee75e630e","PRESERVE_AND_REGRESSION_TEST"
"services/execution_sidecar/bitcoin_adapter.py","BitcoinSpotAdapter._bind_confirmed_intent","251","293","function","9e6c883b26e390aebe07ab971b67b627b2d5dd1b1cb4474d6b118b36f22b3aa0","PRESERVE_AND_REGRESSION_TEST"
"services/execution_sidecar/bitcoin_adapter.py","BitcoinSpotAdapter._preflight","295","305","function","dc15f47e8cf56a4d424ea3a29d99868fa31b60e1f3c603f11a5ecab8c1f2b331","PRESERVE_AND_REGRESSION_TEST"
"services/execution_sidecar/bitcoin_adapter.py","BitcoinSpotAdapter._lookup","307","313","function","e937df6925aea5e172cbb5ea4ba80dbc260a9da3583e220e56e30128e75f1ba0","PRESERVE_AND_REGRESSION_TEST"
"services/execution_sidecar/bitcoin_adapter.py","BitcoinSpotAdapter._submit_once","315","361","function","e262aaafce877643952a277b46ce928202caf5f7d5dba985687b855e8b907ea3","PRESERVE_AND_REGRESSION_TEST"
"services/execution_sidecar/bitcoin_adapter.py","BitcoinSpotAdapter._terminal_order_status","364","367","function","001b1615248551fafbcc51cafc6e16922da4ee60729f197d3bff06361c2b1a5a","PRESERVE_AND_REGRESSION_TEST"
"services/execution_sidecar/bitcoin_adapter.py","BitcoinSpotAdapter._terminal_list_status","370","374","function","29f22e667828fa64ba31a476588c0cfdf0e39c8da45faa0491dddd8452f8df0b","PRESERVE_AND_REGRESSION_TEST"
"services/execution_sidecar/bitcoin_adapter.py","BitcoinSpotAdapter._intent_request","377","386","function","d2f49e55a550dabba85a2ec7002eab22583ec5c8c2a658f0b69153495ffa916c","PRESERVE_AND_REGRESSION_TEST"
"services/execution_sidecar/bitcoin_adapter.py","BitcoinSpotAdapter._resume_existing_prepared_submission","388","419","function","cb0dec5c7a897537dca1f30aacf3e0e53f39fae42b4f9a94ed8e661293d1e59f","PRESERVE_AND_REGRESSION_TEST"
"services/execution_sidecar/bitcoin_adapter.py","BitcoinSpotAdapter._resume_prepared_replacement","421","578","function","2b8b2a7a2df6225e75a27396a4f7003c133872e14be4af03451a0806e7a28514","PRESERVE_AND_REGRESSION_TEST"
"services/execution_sidecar/bitcoin_adapter.py","BitcoinSpotAdapter._resolve_operation_intents","580","709","function","90e6cf38043c6e91385c8d4e482ceda51240eef698f32b795fd35aa7c4c09939","PRESERVE_AND_REGRESSION_TEST"
"services/execution_sidecar/bitcoin_adapter.py","BitcoinSpotAdapter._pause","711","717","function","25a25ae946a98a94a52f1055655a2c0468552c21e3edab7b882a318608ecc73b","PRESERVE_AND_REGRESSION_TEST"
"services/execution_sidecar/bitcoin_adapter.py","BitcoinSpotAdapter.start","720","744","function","e84138c91c21fd987f01c27bce82320828522893436168acc22175b6803f43b4","PRESERVE_AND_REGRESSION_TEST"
"services/execution_sidecar/bitcoin_adapter.py","BitcoinSpotAdapter.set_enabled","746","761","function","ecf8fb8c5ec91246b3e522cad7051842944bb17348c4d828d7c6d50b5af1bae5","PRESERVE_AND_REGRESSION_TEST"
"services/execution_sidecar/bitcoin_adapter.py","BitcoinSpotAdapter.submit","763","816","function","d8b28682cd5adf5606414665e8a30ee6ca5a2eb3fac686f402be4d1f607ca431","PRESERVE_AND_REGRESSION_TEST"
"services/execution_sidecar/bitcoin_adapter.py","BitcoinSpotAdapter._on_order_update","819","830","function","f8a3e4e02ac631a6890785dc1bb4de38573684b71c0938fc279e7cd4fda8afa2","PRESERVE_AND_REGRESSION_TEST"
"services/execution_sidecar/bitcoin_adapter.py","BitcoinSpotAdapter._on_list_update","832","837","function","19e7740aa7d46da4933c23b03c9d5a2a96e6ebe7ab57b0282cccc4739adf7fc4","PRESERVE_AND_REGRESSION_TEST"
"services/execution_sidecar/bitcoin_adapter.py","BitcoinSpotAdapter._on_resync","839","843","function","6393e8ced46ee1908aa683a3941bf07ff43e5c1e82988884a12ccd6dfd5d3432","PRESERVE_AND_REGRESSION_TEST"
"services/execution_sidecar/bitcoin_adapter.py","BitcoinSpotAdapter._durable_protection_is_open","846","854","function","fbe46e09395983b4069238f35721cdbc863cad980f24544281dcc5b21ff9b9f4","PRESERVE_AND_REGRESSION_TEST"
"services/execution_sidecar/bitcoin_adapter.py","BitcoinSpotAdapter._cancel_entry_list","856","888","function","50218a0b70020f84b7dac9006a8c76fa4a9cdde00662c5cf2e38d7c062ab94cd","PRESERVE_AND_REGRESSION_TEST"
"services/execution_sidecar/bitcoin_adapter.py","BitcoinSpotAdapter._place_partial_protection","890","970","function","10db4b49f6fae8b449c84d2ed6d14ce9f756514891923fc196182abb41999058","PRESERVE_AND_REGRESSION_TEST"
"services/execution_sidecar/bitcoin_adapter.py","BitcoinSpotAdapter._expire_stale_entry","972","1022","function","255f0af5ec548d840833ac73e78973783660ec820099078d45a637d000887ca0","PRESERVE_AND_REGRESSION_TEST"
"services/execution_sidecar/bitcoin_adapter.py","BitcoinSpotAdapter.tick","1024","1051","function","9e2d8d36e639e73a101fbd92efe22ebec98a8e102c07aedf86b769802f108ed8","PRESERVE_AND_REGRESSION_TEST"
"services/execution_sidecar/bitcoin_adapter.py","BitcoinSpotAdapter._cancel_protection","1054","1122","function","03b4766a5bf653c788d32c531e99d9a5a2ec231a5328f271975c413e83f4b8fd","PRESERVE_AND_REGRESSION_TEST"
"services/execution_sidecar/bitcoin_adapter.py","BitcoinSpotAdapter.convert","1124","1224","function","6cf29fd46ce4902c69c3cfc722d394ee733a7408f7a8fc420febfec3c274ee8c","PRESERVE_AND_REGRESSION_TEST"
"services/execution_sidecar/bitcoin_adapter.py","BitcoinSpotAdapter.maybe_auto_manage","1226","1258","function","144cda99a1b56e0bc656cebac1bedd68eff8bda580bc6c71cc4b47b76383c1e6","PRESERVE_AND_REGRESSION_TEST"
"services/execution_sidecar/bitcoin_adapter.py","BitcoinSpotAdapter._reconciled_ownership","1261","1363","function","f18c0808395c7ce627952a267b99c2a4ac20bcb6a0aef7271efac1f0c3119661","PRESERVE_AND_REGRESSION_TEST"
"services/execution_sidecar/bitcoin_adapter.py","BitcoinSpotAdapter._refresh_durable_exchange_state","1365","1427","function","f0a82ba325cb60ae4e71b31c223d57b7cb6feab095bf06f280ba030d3d4155f6","PRESERVE_AND_REGRESSION_TEST"
"services/execution_sidecar/bitcoin_adapter.py","BitcoinSpotAdapter.verified_reconcile","1429","1511","function","e74a65c7d7f94c3cd1dee12b801e9cc2d5d7072fa8b4c172999cbea0c26cacfe","PRESERVE_AND_REGRESSION_TEST"
"services/execution_sidecar/bitcoin_adapter.py","BitcoinSpotAdapter.reconcile","1513","1514","function","fa681431869f939343ea7726d4364e75572ce8ede0078c3adb74a70a3d4789f9","PRESERVE_AND_REGRESSION_TEST"
"services/execution_sidecar/bitcoin_adapter.py","BitcoinSpotAdapter.verify_flat_for_switch","1516","1556","function","7b2e1bc88bbe6b005d27b2346ba97e6f661aa510e4eea3a893728c404e4c4fc1","PRESERVE_AND_REGRESSION_TEST"
"services/execution_sidecar/bitcoin_adapter.py","BitcoinSpotAdapter.validate_pair","1558","1566","function","459eae58567cc3adc0e2394f7ec5c93c63cbc11f319eb7471b1bb2663a13afa3","PRESERVE_AND_REGRESSION_TEST"
"services/execution_sidecar/bitcoin_adapter.py","BitcoinSpotAdapter.validate_pair_funding","1568","1596","function","a6bf3b2bf7b0534ec79b22475f02bec58af9aace0208b175c0588ab8be19cf36","PRESERVE_AND_REGRESSION_TEST"
"services/execution_sidecar/bitcoin_adapter.py","BitcoinSpotAdapter.emergency_exit","1598","1672","function","62066cf673a5cb0a2a777e0cd719dd26f403ed428c7f60c6e4bda91b8600e23b","PRESERVE_AND_REGRESSION_TEST"
"services/execution_sidecar/bitcoin_adapter.py","BitcoinSpotAdapter.status","1674","1679","function","07823ea73d73e592e6c20f85ee2a43700b4dd71aaf4cb6580cdd0f99f532950e","PRESERVE_AND_REGRESSION_TEST"
"services/execution_sidecar/bitcoin_adapter.py","BitcoinSpotAdapter.positions","1681","1682","function","2fba889d4f429c1dfd2a60e9ce00176f68cd9deab19212270bdc80284e9c9886","PRESERVE_AND_REGRESSION_TEST"
"services/execution_sidecar/bitcoin_adapter.py","BitcoinSpotAdapter.balance","1684","1689","function","dde7d22e7c473c48a046a2577b89581e8d00c3c469318a37bab2d52fef41db00","PRESERVE_AND_REGRESSION_TEST"
"services/execution_sidecar/bitcoin_adapter.py","BitcoinSpotAdapter.profit","1691","1693","function","ba225bf5f67cb54bd8f8b69cd75063c9adbf7db0cbac85b50445de12b061a648","PRESERVE_AND_REGRESSION_TEST"
"services/execution_sidecar/bitcoin_adapter.py","BitcoinSpotAdapter.restart_user_stream","1695","1703","function","1746901fedda7a87b9b601d34f73848674a2460ad35937e443e7e2e9341bc95e","PRESERVE_AND_REGRESSION_TEST"
"services/execution_sidecar/bitcoin_adapter.py","BitcoinSpotAdapter.set_size","1705","1715","function","c8f00dbfd474700a1db9e721144c763f91683ad83aade91583a2f8a99c4c7b23","PRESERVE_AND_REGRESSION_TEST"
"services/execution_sidecar/bitcoin_adapter.py","BitcoinSpotAdapter.set_max","1717","1719","function","25f22282a61b5e51bce27d8eeade6047450fbbfff8e30756442b75b2f67a0cc6","PRESERVE_AND_REGRESSION_TEST"
"services/execution_sidecar/client_ids.py","ClientOrderIds.__init__","14","20","function","5861b57849d6db61f42f7b91c210d9d8d7b95f0625f5b7c3ffb1fac44acc09e2","PRESERVE_AND_REGRESSION_TEST"
"services/execution_sidecar/client_ids.py","ClientOrderIds.new","22","33","function","aca6d1f5b5c6d3b3fc10774af74a0fa92c87188f3e063db38b402cf92ac0f265","PRESERVE_AND_REGRESSION_TEST"
"services/execution_sidecar/client_ids.py","looks_owned","36","38","function","f85e42b7bffd85d625584f8180292b3504ac6758de1b632ca112cc78d23d0a33","PRESERVE_AND_REGRESSION_TEST"
"services/execution_sidecar/filters.py","OrderLeg.__post_init__","54","55","function","0cc6f3c6e50830794f272db34959f0360135bc2b377cdebcda531a34867226b4","PRESERVE_AND_REGRESSION_TEST"
"services/execution_sidecar/filters.py","legs_from_request","58","110","function","1f7c1afc24e2cbcb3d5c4fde514e20aaeecc1737e973440baff51588555f598c","PRESERVE_AND_REGRESSION_TEST"
"services/execution_sidecar/filters.py","SpotFilterValidator.__init__","114","119","function","3cedbe3b01bdc64e7f69ef23621df1a6e071dc93c51020d132aaee614aa721fa","PRESERVE_AND_REGRESSION_TEST"
"services/execution_sidecar/filters.py","SpotFilterValidator._exchange_snapshot","122","156","function","a36cc6f442af5ac926fdc53660b2930e8a00981bb1b198b583e2c965a48ba48f","PRESERVE_AND_REGRESSION_TEST"
"services/execution_sidecar/filters.py","SpotFilterValidator._symbol_entry","158","159","function","951a0a60e095edf42b9111077b44f94cd45554c904b78783e9ab04e15e390bce","PRESERVE_AND_REGRESSION_TEST"
"services/execution_sidecar/filters.py","SpotFilterValidator._reference_price","161","166","function","e2d9d49d8303158b66e8a59973c57241e812e0264709ed1ee291c7451ee8dd1e","PRESERVE_AND_REGRESSION_TEST"
"services/execution_sidecar/filters.py","SpotFilterValidator._fallback_reference_price","168","184","function","0421f84a59f19c11df8e437d199f4102b1684604f4c2f463fef74f7f069eb921","PRESERVE_AND_REGRESSION_TEST"
"services/execution_sidecar/filters.py","SpotFilterValidator._official_reference_price","186","202","function","cfb8a480677f30c713c53a10efc4fa79db4e7e971a4fbc4db484ad4cab06eae7","PRESERVE_AND_REGRESSION_TEST"
"services/execution_sidecar/filters.py","SpotFilterValidator._price_range_rule","204","274","function","c00e3d189584702626f95089297fb4145847c39c12e82932724cd54522de906b","PRESERVE_AND_REGRESSION_TEST"
"services/execution_sidecar/filters.py","SpotFilterValidator._dec","278","282","function","d3c98a310a9f3a86d18ad7d651e3c5a5ac4a9554901c89ab1dd2bcd7f021c5fa","PRESERVE_AND_REGRESSION_TEST"
"services/execution_sidecar/filters.py","SpotFilterValidator._filter_map","285","298","function","ace329fadafef2cfc06f09aa3b457e7d88d10653303f1f89f2435421a55080ff","PRESERVE_AND_REGRESSION_TEST"
"services/execution_sidecar/filters.py","SpotFilterValidator._positive_limit","301","310","function","0089683927711e07cab371b24621bde9d104a40cf7ebd2b510ff694f974672f8","PRESERVE_AND_REGRESSION_TEST"
"services/execution_sidecar/filters.py","SpotFilterValidator._open_order_rows","313","328","function","c759ce4d4fa15cc7cdc2ca7cb34f242bf419c298a0ca33d4f1c6cdedc3551978","PRESERVE_AND_REGRESSION_TEST"
"services/execution_sidecar/filters.py","SpotFilterValidator._open_order_list_rows","331","338","function","a8df10360816232c4d7f3b9d50fa6fe427ecbf6e143b98b709500d3f10adde7c","PRESERVE_AND_REGRESSION_TEST"
"services/execution_sidecar/filters.py","SpotFilterValidator._algo_order_count","341","350","function","b503caa3472ee53b3ff85ff02ca6385614300d39be8d236661578ffe845b9389","PRESERVE_AND_REGRESSION_TEST"
"services/execution_sidecar/filters.py","SpotFilterValidator._base_balance","353","371","function","08b168e255b939e9202cac4765a48783975e926d63b150d63291a5109515f86c","PRESERVE_AND_REGRESSION_TEST"
"services/execution_sidecar/filters.py","SpotFilterValidator.validate_replacement","373","711","function","4ac27e5f87507cfedc88358ff2f4eb1057f3cc209a9dea1bac5ad669ec430d29","PRESERVE_AND_REGRESSION_TEST"
"services/execution_sidecar/live_evidence.py","evidence_path","43","44","function","8a168c1faa4f826d4e09b8c77657b3b5ae4c45907486e132ea18d3cf5dae2317","PRESERVE_AND_REGRESSION_TEST"
"services/execution_sidecar/live_evidence.py","_boolean","47","51","function","d2c02f60a93dc78206ca45294485afd7b6441c458a7f4a922652d37f0254b773","PRESERVE_AND_REGRESSION_TEST"
"services/execution_sidecar/live_evidence.py","_number_text","54","61","function","7c057b78f477f5cc399d7b1f82c8c520c6c6613fd23b30b07d893f0f88f20187","PRESERVE_AND_REGRESSION_TEST"
"services/execution_sidecar/live_evidence.py","runtime_risk_policy","64","130","function","9b1e36bb4cd251de2384aa7c428e3ccef5c2f285f75a7cd5b021dd71a69875d1","PRESERVE_AND_REGRESSION_TEST"
"services/execution_sidecar/live_evidence.py","risk_policy_sha256","133","136","function","c39d23db4569cd3470f4dfed55e79c3a986b16a87dfb350b097b52e265027bce","PRESERVE_AND_REGRESSION_TEST"
"services/execution_sidecar/live_evidence.py","_backtest_root","139","140","function","93ba90f136c742158ad4ac86e9cebc0898fc9a54af79a8813487ab291b2c8be3","PRESERVE_AND_REGRESSION_TEST"
"services/execution_sidecar/live_evidence.py","_safe_backtest_target","143","155","function","02966d29c856cc83538d82268f75a2fd6aa3e3fcc10aa61735aa9518c9601a9d","PRESERVE_AND_REGRESSION_TEST"
"services/execution_sidecar/live_evidence.py","_read_result_document","158","207","function","0bdc80d10a1796872fe65c3e6bbc798f466774b52bd8410d0eac2fbff2594449","PRESERVE_AND_REGRESSION_TEST"
"services/execution_sidecar/live_evidence.py","_finite","210","217","function","6e0cda9f44b554f70b4f00810404660c165d0b4ee7be27d07e06413827513d64","PRESERVE_AND_REGRESSION_TEST"
"services/execution_sidecar/live_evidence.py","verified_backtest","220","314","function","34b8c1ef2213b740dd22dedd074d3008a23908d9cdf6e7d3c3c1e3ccca7a010c","PRESERVE_AND_REGRESSION_TEST"
"services/execution_sidecar/live_evidence.py","verify_live_evidence","317","360","function","6bc90f2e90049ee67a18c68ee64d185cbfed600d5d3b59214fcaafdb4d81311a","PRESERVE_AND_REGRESSION_TEST"
"services/execution_sidecar/main.py","notify","56","58","function","2238ab6241ba16227141f9143e32ecbe897ca78b984463a8d6a97eb6cbd7fb98","PRESERVE_AND_REGRESSION_TEST"
"services/execution_sidecar/main.py","_safe_command_id","61","63","function","7bf4ec40d7509d2fb770e1db0a610d237b3a428367eb6b5ae0e55336f05fc4d9","PRESERVE_AND_REGRESSION_TEST"
"services/execution_sidecar/main.py","_active_symbol","66","71","function","740c284fa50af6fbfe4e12f541cfe004d9282abd62267461e7e9090a213421d9","PRESERVE_AND_REGRESSION_TEST"
"services/execution_sidecar/main.py","_disarm","74","87","function","5416a4ee3d52da78fc148604cbb8dc1aeca1833b5c12bc8cf7a61fa179a389d9","PRESERVE_AND_REGRESSION_TEST"
"services/execution_sidecar/main.py","freqtrade_pair_ready","90","134","function","9d1044d30b3d2a5dc2cac4a2ec8804d19023e5c8ddb63c171649d1b0793038a7","PRESERVE_AND_REGRESSION_TEST"
"services/execution_sidecar/main.py","_write_command_result","137","143","function","78543f6e0a17e2f9e6889eab0e2358f88a7fff4147c61bbff8d578d9f81014f8","PRESERVE_AND_REGRESSION_TEST"
"services/execution_sidecar/main.py","process_command","146","353","function","6a94ed57c4f7f4bbce43d4e0391020498ba77c6f4df830d626994217071cf4a8","PRESERVE_AND_REGRESSION_TEST"
"services/execution_sidecar/main.py","_capture_live_evidence_lease","356","376","function","458d1350f84b810e8b27283d9eb1fa1ddb8b3f14bfb88e7077e906addd59374c","PRESERVE_AND_REGRESSION_TEST"
"services/execution_sidecar/main.py","enforce_live_evidence_lease","379","424","function","7a609230862256572191b5bc7bdd8e459a0cbcb86dcdefa716b8f42405c49f28","PRESERVE_AND_REGRESSION_TEST"
"services/execution_sidecar/main.py","live_interlock","427","478","function","1e4229be61477db09c25c6d7009663ba2643ed6a40fff8790182821a4bd73cca","PRESERVE_AND_REGRESSION_TEST"
"services/execution_sidecar/main.py","main","481","655","function","7e63291404cad0c690465e07c92ca131663dd5f4cf5173ed7398040a3ddaec21","PRESERVE_AND_REGRESSION_TEST"
"services/execution_sidecar/order_manager.py","OrderManager.__init__","24","34","function","829af10372a14c72c05909d9bf72a41a30a49a1a5162bc98dbdc1a3211701460","PRESERVE_AND_REGRESSION_TEST"
"services/execution_sidecar/order_manager.py","OrderManager._flow_gate","36","55","function","74431b1fc091eafa9799ff81cf1c1c67a5051d9b02358815a13c1bb3e3f29449","PRESERVE_AND_REGRESSION_TEST"
"services/execution_sidecar/order_manager.py","OrderManager.process_signal","57","136","function","76de00ba134202ab82558e4cdb6c232192fbc9be72277a71558048f7e13a2ddc","PRESERVE_AND_REGRESSION_TEST"
"services/execution_sidecar/order_manager.py","OrderManager._pause","138","144","function","22045a340db8e3666d150631bc0b022217aaf342c2f30610b0bc989c90cc1f9f","PRESERVE_AND_REGRESSION_TEST"
"services/execution_sidecar/order_manager.py","OrderManager.move","147","154","function","6dc5d2d0cddae4ec8e581993bb8ef18bf37eee520efc6eb046469f6d4f5f3a20","PRESERVE_AND_REGRESSION_TEST"
"services/execution_sidecar/order_manager.py","OrderManager.reject","156","162","function","d6e65435bc24a8b8679a858c2f8d030cf8c0bb962a15cd68efa0d48dfd1377af","PRESERVE_AND_REGRESSION_TEST"
"services/execution_sidecar/package_mode.py","load_package_mode","15","27","function","bed1838d9d30743862f4439be9b38ed6e71cb4acae81e6e42c04c67c709cc6b5","PRESERVE_AND_REGRESSION_TEST"
"services/execution_sidecar/package_mode.py","enforce_package_mode","30","46","function","00e47f2f956df932162ea1f97566aab500aac636d5a1b47b30675af5dd019c08","PRESERVE_AND_REGRESSION_TEST"
"services/execution_sidecar/pair_control.py","PairController.__init__","45","60","function","352d810770c1b39a3f973642daab22218bb9fec3823c491ac4317d849533fdcc","PRESERVE_AND_REGRESSION_TEST"
"services/execution_sidecar/pair_control.py","PairController._build_state","62","77","function","5d1b909c0aa754bd8caa0c6ad598731215627b85989797968725ac00de9d7b8c","PRESERVE_AND_REGRESSION_TEST"
"services/execution_sidecar/pair_control.py","PairController._validate_state","79","93","function","bd6920097e0988d236dea19967d3a21e69feaa81e230eba7c810f906eddea4c4","PRESERVE_AND_REGRESSION_TEST"
"services/execution_sidecar/pair_control.py","PairController.load","95","99","function","39f93eb980754281189cdefb725671cb861255e292238e634fe4c41a39b7d762","PRESERVE_AND_REGRESSION_TEST"
"services/execution_sidecar/pair_control.py","PairController._publish","101","115","function","8846b8a44831c3bf4f8cce9d0b653b8531be9a41613ba1f5245326d06ddec8be","PRESERVE_AND_REGRESSION_TEST"
"services/execution_sidecar/pair_control.py","PairController._switch_state","117","155","function","3ea31c12209344748609e2f45af097e139d066bf863027fce7aa628cd4078d81","PRESERVE_AND_REGRESSION_TEST"
"services/execution_sidecar/pair_control.py","PairController.switch_status","157","191","function","8607402af1b32c7294d08cc82b22c8b40491bad891faf75e9dcff143887c5986","PRESERVE_AND_REGRESSION_TEST"
"services/execution_sidecar/pair_control.py","PairController.bootstrap","193","219","function","f725616071f5c74b8db775f1148bc60a36b07359af7b797bee1bb6acb0b22b92","PRESERVE_AND_REGRESSION_TEST"
"services/execution_sidecar/pair_control.py","PairController.switch","221","248","function","ea6ab0f85db34330be84061eabb5e8e5ea9db2be7014ed18df5f35b6ae70b740","PRESERVE_AND_REGRESSION_TEST"
"services/execution_sidecar/pair_control.py","PairController.begin_switch","250","348","function","d67b7b848df98bab5d23af577938d548c81609a0bae76cc396d22949ee049fe8","PRESERVE_AND_REGRESSION_TEST"
"services/execution_sidecar/pair_control.py","PairController.complete_switch","350","438","function","ebdea93c6bdce428bb1401bbfe0ddc8fd61e38fcece3bb871605104ac91e7cef","PRESERVE_AND_REGRESSION_TEST"
"services/execution_sidecar/pair_control.py","PairController.mark_pair_verified","440","454","function","314b2f154afd7ba0f8ac56b38ceb4b354bbb643d4b75be7d54288e7924031dba","PRESERVE_AND_REGRESSION_TEST"
"services/execution_sidecar/pair_control.py","PairController.require_resume_ready","456","462","function","0bab21711f28f132cd36627933e83e91c05c5770a47b5e5ab1bc50a6a470b5c5","PRESERVE_AND_REGRESSION_TEST"
"services/execution_sidecar/pair_control.py","PairController.mark_active_after_resume","464","471","function","349cc55cd1c0609bbaa734480ee3f337e1f79f0975617f489fc2ef347f569ce7","PRESERVE_AND_REGRESSION_TEST"
"services/execution_sidecar/pair_control.py","PairController.eligible_pairs","473","479","function","8e132e349f6a9abc99742af7b502b8b680d7de932ff36e413393b8ff95d95196","PRESERVE_AND_REGRESSION_TEST"
"services/execution_sidecar/protection_modes.py","floor_step","10","14","function","91c99ab92d319f5094adc497c3c8204e9ae8e18b02282cf5bcd1b0785fe6997d","PRESERVE_AND_REGRESSION_TEST"
"services/execution_sidecar/protection_modes.py","decimal_text","17","19","function","8bd7c8130fcd8d58d6daf300659c41f04d96e658ea1536c666636f557a2f51eb","PRESERVE_AND_REGRESSION_TEST"
"services/execution_sidecar/protection_modes.py","OrderRequestFactory.__init__","34","36","function","9d9e6f9440496f6a776b665caf1f519a3cd08c04daf63644718fb3f1e364bfad","PRESERVE_AND_REGRESSION_TEST"
"services/execution_sidecar/protection_modes.py","OrderRequestFactory._delta","39","40","function","e3dd44d94125c16c3136934b431ae8ec22a5dfba09585abb7255460111bf82d7","PRESERVE_AND_REGRESSION_TEST"
"services/execution_sidecar/protection_modes.py","OrderRequestFactory.pending_qty","42","46","function","74e78720b10894a27f51b6a62ab75b82f0bfdf93635225a8eed9c39c01f9ae9f","PRESERVE_AND_REGRESSION_TEST"
"services/execution_sidecar/protection_modes.py","OrderRequestFactory.entry","48","93","function","94cbd7c0cd1763e004bb4fc307f22c3b91d23ef4bdd8ea84ffd005c6ddc1c862","PRESERVE_AND_REGRESSION_TEST"
"services/execution_sidecar/protection_modes.py","OrderRequestFactory.replacement","95","136","function","aea603cf94b29489b0d14d7d88d02368adb16fb038d99d397bd5ed7f16973bb8","PRESERVE_AND_REGRESSION_TEST"
"services/execution_sidecar/protection_modes.py","fee_adjusted_break_even","139","151","function","c8d3014fd6c76d8aac529f4f46d6a9685542b52b27ec236a40eb971dbc133d32","PRESERVE_AND_REGRESSION_TEST"
"services/execution_sidecar/reconciler.py","reconcile","5","17","function","b2f111944df82d9827c2ae5931dcbf9d6bacd0a3209ab4f8a39d5b2c129f57ca","PRESERVE_AND_REGRESSION_TEST"
"services/execution_sidecar/risk_checks.py","FreshSignalGuard.__init__","32","50","function","a936e271d81256e70eade47e6bde9d0efb2c42805297fc750571de6244d728f6","PRESERVE_AND_REGRESSION_TEST"
"services/execution_sidecar/risk_checks.py","FreshSignalGuard._load_state","52","89","function","91cb689918ca6cbf4a47421ebc67560f059ea0a86ae7dda008c700fb453e294b","PRESERVE_AND_REGRESSION_TEST"
"services/execution_sidecar/risk_checks.py","FreshSignalGuard._report_projection_difference","91","101","function","6de3f4872be005b573a251d3a4a4a38f1cc65648a6ce7fde724eeb36a0c30710","PRESERVE_AND_REGRESSION_TEST"
"services/execution_sidecar/risk_checks.py","FreshSignalGuard._validate_state","103","128","function","d08e201d4291ff6c2f7b64200edc4653c18460b651cad31c75ed85af966a61f5","PRESERVE_AND_REGRESSION_TEST"
"services/execution_sidecar/risk_checks.py","FreshSignalGuard._dt","131","135","function","d296d53a24b2646c1eb6ab9c028aa21bf724a9cb2b9652ce1abcae2b3172174b","PRESERVE_AND_REGRESSION_TEST"
"services/execution_sidecar/risk_checks.py","FreshSignalGuard._day","138","139","function","ad978566f9fa51dc3057c8ae918e4fa45d5620f97c098f75894e4b45694271ea","PRESERVE_AND_REGRESSION_TEST"
"services/execution_sidecar/risk_checks.py","FreshSignalGuard._write_projection","141","147","function","1b5f3faffc9b13ddb131fe03c8d267f02a5fbc1f3f97f7618e5fb1c560328988","PRESERVE_AND_REGRESSION_TEST"
"services/execution_sidecar/risk_checks.py","FreshSignalGuard._save","149","164","function","9b6c1bff276e1679ed5d1a554affae40f7e2f750cbb0aec5177f3a86d6a6b4a9","PRESERVE_AND_REGRESSION_TEST"
"services/execution_sidecar/risk_checks.py","FreshSignalGuard.set_global_pause","166","170","function","3906ac8ff45dbfc3710a7fdbcedaab281dea9694d85a5e44697d2205c398aa93","PRESERVE_AND_REGRESSION_TEST"
"services/execution_sidecar/risk_checks.py","FreshSignalGuard.clear_global_pause","172","176","function","9a5f02a187bcbf79e7ccb4120f7643c0fb844c4eb65163d800124d8c035c58f1","PRESERVE_AND_REGRESSION_TEST"
"services/execution_sidecar/risk_checks.py","FreshSignalGuard.allow","178","234","function","67fe27e9c5502348947a933a3cccc5d63c22ecf91efedaf80c8dc496cdadb3d7","PRESERVE_AND_REGRESSION_TEST"
"services/execution_sidecar/risk_checks.py","FreshSignalGuard.record","236","246","function","e4bfc87afeed7cf2912eb3f0de55681b5d31fe132acc7b0ce3c51fb65dffd793","PRESERVE_AND_REGRESSION_TEST"
"services/execution_sidecar/risk_checks.py","FreshSignalGuard.record_stopout","248","267","function","9e73c38e73ea9ad852c79ec46050ae1766795bdaf0d41a810ebbd0b9aaae0c5c","PRESERVE_AND_REGRESSION_TEST"
"services/execution_sidecar/risk_checks.py","FreshSignalGuard._classify_protective_exit","269","306","function","f9255e5d7f53bb5a13bf15a34a11074b14b57427c77eb8f36b37fa4198b8eed3","PRESERVE_AND_REGRESSION_TEST"
"services/execution_sidecar/risk_checks.py","FreshSignalGuard.on_exchange_event","308","321","function","0469662f2530b311ddb32bd31051d9b144d855153ff0094d743e13d5a3ed82eb","PRESERVE_AND_REGRESSION_TEST"
"services/execution_sidecar/simulation_adapter.py","_SimTrader.__init__","17","18","function","ed6d5f4324a8aa0137564f91031956ed0c1b9d054f0cc8bae18da19aa6570718","PRESERVE_AND_REGRESSION_TEST"
"services/execution_sidecar/simulation_adapter.py","_SimTrader.is_running","20","21","function","e9bdd4e2c175ece4e32d4e41ab4f2cbd431bd0ec2cbeeff30a4df67778963ffd","PRESERVE_AND_REGRESSION_TEST"
"services/execution_sidecar/simulation_adapter.py","SimulationAdapter.__init__","25","35","function","7caa7120d64616356e61f17a7c057bc1143dc6dca2958bf99bc2bed95b625857","PRESERVE_AND_REGRESSION_TEST"
"services/execution_sidecar/simulation_adapter.py","SimulationAdapter.start","37","41","function","7cc4c8df7cebd7af75f7c208ca9d57c2ae199bb6f47dfbc19331ffc200c62150","PRESERVE_AND_REGRESSION_TEST"
"services/execution_sidecar/simulation_adapter.py","SimulationAdapter.tick","43","44","function","aa709bd7455eabd354c9c157968a2621f626da5ce41cde7c41a649e1009731a6","PRESERVE_AND_REGRESSION_TEST"
"services/execution_sidecar/simulation_adapter.py","SimulationAdapter.maybe_auto_manage","46","47","function","9049d9115b1dae6b5ca8b95798be9ef0099c246a7e0a8536a5c28eb373d969c3","PRESERVE_AND_REGRESSION_TEST"
"services/execution_sidecar/simulation_adapter.py","SimulationAdapter.set_enabled","49","51","function","07a9acd8df073a51b7d7ebb6933b985f0404d401085ef828049049b22ed8ee6d","PRESERVE_AND_REGRESSION_TEST"
"services/execution_sidecar/simulation_adapter.py","SimulationAdapter._next_fault","53","62","function","02d4b708c3e1c99c40ed74855cbe257985186897864af91b5e8346bb87d0e0a9","PRESERVE_AND_REGRESSION_TEST"
"services/execution_sidecar/simulation_adapter.py","SimulationAdapter._emit","64","67","function","caffd25b36787712f04522a647fe78b38c5ea978c309dc9e6c85f14be2622db7","PRESERVE_AND_REGRESSION_TEST"
"services/execution_sidecar/simulation_adapter.py","SimulationAdapter._intent","69","76","function","5cee9263a90d9855065e4bc42989d30f476f70da36ebd7606e4100a95af3e007","PRESERVE_AND_REGRESSION_TEST"
"services/execution_sidecar/simulation_adapter.py","SimulationAdapter.submit","78","138","function","88affd846b591b93968378b7d683cda5ca15b6dd68f2bffae4195cf59b54e1e7","PRESERVE_AND_REGRESSION_TEST"
"services/execution_sidecar/simulation_adapter.py","SimulationAdapter.status","140","143","function","9f352a311c4b371469f4a1588f522be1a0b1b7f60b813345d273f948997b8f47","PRESERVE_AND_REGRESSION_TEST"
"services/execution_sidecar/simulation_adapter.py","SimulationAdapter.positions","145","146","function","0a8ba72579b386f0ba59f122e74cac623dab60b31423de26d0ec683dea3a5097","PRESERVE_AND_REGRESSION_TEST"
"services/execution_sidecar/simulation_adapter.py","SimulationAdapter.balance","148","150","function","e0b3f8c25a558106ad8883af535b14a868c14cecabc86ec9105bef055338744e","PRESERVE_AND_REGRESSION_TEST"
"services/execution_sidecar/simulation_adapter.py","SimulationAdapter.profit","152","154","function","6fd4dad064e7c9b60d94f8793cd541ad4b8ab6cd7d6befbfec58083a36e59d98","PRESERVE_AND_REGRESSION_TEST"
"services/execution_sidecar/simulation_adapter.py","SimulationAdapter.restart_user_stream","156","157","function","965691024e8ac1af75929373b0ad0b2cc3b12e4907dcfa6805d709094f7bd37f","PRESERVE_AND_REGRESSION_TEST"
"services/execution_sidecar/simulation_adapter.py","SimulationAdapter.validate_pair","159","161","function","abcb1319f50f693c461bb5c88772ecc0aa714e9a22eca8fbe9bd39fee0c8529e","PRESERVE_AND_REGRESSION_TEST"
"services/execution_sidecar/simulation_adapter.py","SimulationAdapter.validate_pair_funding","163","172","function","93d0ad0ac1657413c2c42809358921175cb30136c51b2ab5ca2ad2e7f8b0bdca","PRESERVE_AND_REGRESSION_TEST"
"services/execution_sidecar/simulation_adapter.py","SimulationAdapter.set_size","174","179","function","c92e5ea84ce82f7a4cf9cf67358e5ff44d0660756ab0247dd143e8cebcb6391d","PRESERVE_AND_REGRESSION_TEST"
"services/execution_sidecar/simulation_adapter.py","SimulationAdapter.set_max","181","185","function","4417c2a108ad815a5dd79995699cce25f97dbe6f0e9390b0e214dbe5960ad955","PRESERVE_AND_REGRESSION_TEST"
"services/execution_sidecar/simulation_adapter.py","SimulationAdapter.emergency_exit","187","203","function","8e1e60a6acad293d33de64f380eec496a7906517b27f78d3b5cd033513428672","PRESERVE_AND_REGRESSION_TEST"
"services/execution_sidecar/simulation_adapter.py","SimulationAdapter.convert","205","219","function","738c52df0db1aba5fde7fcb78d3d12eab87f2f256267d5ddeee455af679906f5","PRESERVE_AND_REGRESSION_TEST"
"services/execution_sidecar/simulation_adapter.py","SimulationAdapter.mirror_positions","221","225","function","7eb345b683e86e703a2b78a2aefec1f4e5d5f8a84b1aef2bc71059ac24f67059","PRESERVE_AND_REGRESSION_TEST"
"services/execution_sidecar/simulation_adapter.py","SimulationAdapter.verified_reconcile","227","234","function","f5118985cf9b4c2d186a5085a46982f79459435676561244a3d1705616cb1758","PRESERVE_AND_REGRESSION_TEST"
"services/execution_sidecar/simulation_adapter.py","SimulationAdapter.reconcile","236","238","function","49b225712c32f637dd9b09f56fce189d42e6cffd36e3349e4182bf35fecd4cb5","PRESERVE_AND_REGRESSION_TEST"
"services/execution_sidecar/simulation_adapter.py","SimulationAdapter.verify_flat_for_switch","240","248","function","821d6eb05162a5cf94afe6b799d10fe29e70d0db5607651a104df1c537dc58e8","PRESERVE_AND_REGRESSION_TEST"
"services/execution_sidecar/spot_gateway.py","BinanceSpotGateway.__init__","25","60","function","25b08c3450e769b4a5ea37f238537d621d733c1aa4a97894a2341cb092dd4281","PRESERVE_AND_REGRESSION_TEST"
"services/execution_sidecar/spot_gateway.py","BinanceSpotGateway._sync_server_time","62","89","function","6bb7b3adb5077a219c60ae12c0154713c6785c56d204d35d57fc7096157063a2","PRESERVE_AND_REGRESSION_TEST"
"services/execution_sidecar/spot_gateway.py","BinanceSpotGateway.signed_timestamp_ms","91","93","function","05358b7672a8fee7ce87ca7b57f0c64cb7f5364e2b66469f682ea1139cc37abb","PRESERVE_AND_REGRESSION_TEST"
"services/execution_sidecar/spot_gateway.py","BinanceSpotGateway._install_weight_hook","95","128","function","301cbcde20ac21f3c9b8fc2aa6f60ad8f4cb9ed058a2c2546737f2c5e6b1cba2","PRESERVE_AND_REGRESSION_TEST"
"services/execution_sidecar/spot_gateway.py","BinanceSpotGateway._install_weight_hook.record","102","123","function","09548c4f26ca4f8ac7578a33134c1e06dfab169bc4df1f5cc4262eec4dd002c9","PRESERVE_AND_REGRESSION_TEST"
"services/execution_sidecar/spot_gateway.py","BinanceSpotGateway.classify_submission_error","130","163","function","8b388548575b5b481958594bb91063525010809656ca130ad71d33a9ffa23617","PRESERVE_AND_REGRESSION_TEST"
"services/execution_sidecar/spot_gateway.py","BinanceSpotGateway.symbol_info","165","170","function","7321c58847db0e9b6c9fe682506b25f048a9f0b94eab6b4ac69f3b550fd21787","PRESERVE_AND_REGRESSION_TEST"
"services/execution_sidecar/spot_gateway.py","BinanceSpotGateway.ticker_price","172","173","function","7dffc3efcc676df6a8210b3b728925152ba23f885b11fa66c193b372d4dd6e4d","PRESERVE_AND_REGRESSION_TEST"
"services/execution_sidecar/spot_gateway.py","BinanceSpotGateway.order_book","175","176","function","c55f579cf76965f7f040c68c943f46340ea27037c960ab1e4ed473e0ec9aba8d","PRESERVE_AND_REGRESSION_TEST"
"services/execution_sidecar/spot_gateway.py","BinanceSpotGateway.account","178","179","function","78938d1b137539858a3742bb2e13246e0796e7bc192769a47697231b690a4dc1","PRESERVE_AND_REGRESSION_TEST"
"services/execution_sidecar/spot_gateway.py","BinanceSpotGateway.open_orders","181","182","function","71fbea53d56c7c9f7e3c075a0227f9940a06256c9beb74218bdc4089abd7aafa","PRESERVE_AND_REGRESSION_TEST"
"services/execution_sidecar/spot_gateway.py","BinanceSpotGateway.open_order_lists","184","185","function","5c350a138741abfa6d239d04c22a425f052c67284c9f098297de9b3e3566c0e1","PRESERVE_AND_REGRESSION_TEST"
"services/execution_sidecar/spot_gateway.py","BinanceSpotGateway.get_order","187","195","function","c5b681d6e871309c50df9fa588082c3e533302e2582123a460c282d50906ecc1","PRESERVE_AND_REGRESSION_TEST"
"services/execution_sidecar/spot_gateway.py","BinanceSpotGateway.get_order_list","197","205","function","b65b25660e2d38fe5719874b41093259a9988eed62e121552d899025ff15b8af","PRESERVE_AND_REGRESSION_TEST"
"services/execution_sidecar/spot_gateway.py","BinanceSpotGateway.place","207","212","function","0e3786b7289ed850647ed4f404a6134c1462c23a6bcb5fe5b5083e50757cf647","PRESERVE_AND_REGRESSION_TEST"
"services/execution_sidecar/spot_gateway.py","BinanceSpotGateway.cancel_order","214","215","function","f58aaa7c3ccb6c198d0b6718449533db9521059d5e3d432bad0bbbd9d7082697","PRESERVE_AND_REGRESSION_TEST"
"services/execution_sidecar/spot_gateway.py","BinanceSpotGateway.cancel_order_list","217","219","function","dbbd550a1d4120296a8d92549d2ce74fc01f11fba7a4b07db4c4417357dd78d1","PRESERVE_AND_REGRESSION_TEST"
"services/execution_sidecar/state_store.py","StateStore.__init__","101","131","function","82e306bf231d28364d72f5ac8aeb454272ecb9eeefd26b57c795113efb8afc2b","PRESERVE_AND_REGRESSION_TEST"
"services/execution_sidecar/state_store.py","StateStore._schema_version","134","136","function","328bbae1ce37230d558a31c178dba3ae2022731e8fb2ce5e39691d462d245f8c","PRESERVE_AND_REGRESSION_TEST"
"services/execution_sidecar/state_store.py","StateStore._verify_integrity","139","151","function","b879c3de2749c88bd116ffad8c299ba9b86ec7add5373d0192564589650af9d5","PRESERVE_AND_REGRESSION_TEST"
"services/execution_sidecar/state_store.py","StateStore._connect","154","164","function","21553b2f7088518a1fff37c2c2cc230dee06bf82afa5657cf75cf16c83d29606","PRESERVE_AND_REGRESSION_TEST"
"services/execution_sidecar/state_store.py","StateStore._now","167","168","function","bbd5b50d4a54b1486363fb163ef0e39e8bea1bb0e62506a92d6e0a2f52abd2ab","PRESERVE_AND_REGRESSION_TEST"
"services/execution_sidecar/state_store.py","StateStore.save","170","172","function","a7cde6cfdf0a7fa3f453f5acff2c4593f7dfddad4f2c81a1570dd3e5b77a1b37","PRESERVE_AND_REGRESSION_TEST"
"services/execution_sidecar/state_store.py","StateStore._canonical_payload","175","177","function","d0a7389bbaecefca8228f45024abd3a8137473554788fa5f94b8bcecff9eadbb","PRESERVE_AND_REGRESSION_TEST"
"services/execution_sidecar/state_store.py","StateStore.schema_version","179","181","function","7dbc822caa13abf18477bec437e7d065c6fda9fdea8337ebe620aab6e1d22b9f","PRESERVE_AND_REGRESSION_TEST"
"services/execution_sidecar/state_store.py","StateStore.initialize_risk_guard_state","183","228","function","d83f67f52d6886b5e477e546ceac665b760dbc998ab31c168460c8212807ac95","PRESERVE_AND_REGRESSION_TEST"
"services/execution_sidecar/state_store.py","StateStore._read_risk_guard_state","230","247","function","ac4dc1e306c450741c541c5ed1516c06778306803c8f05b6d27fa346b3bbc2a4","PRESERVE_AND_REGRESSION_TEST"
"services/execution_sidecar/state_store.py","StateStore.risk_guard_state","249","253","function","a1995df0a45e45c07d3ec4afd2fc69cc94ce4e23b51f116ceecdc5d70f445240","PRESERVE_AND_REGRESSION_TEST"
"services/execution_sidecar/state_store.py","StateStore.save_risk_guard_state","255","270","function","fc978a58621942133f2cc4329d4d59ac23c20746b13344aade725d1403c8efb5","PRESERVE_AND_REGRESSION_TEST"
"services/execution_sidecar/state_store.py","StateStore.risk_guard_migration","272","280","function","a12d6a369bb5dfcfc34664c27618032bf6c3ab9ec1d293b315c208828eaca881","PRESERVE_AND_REGRESSION_TEST"
"services/execution_sidecar/state_store.py","StateStore.get_mode","282","283","function","c7603a0c2ca8860364f74e527f5e39a437fe26e00ab404d6566ef9d82e22b8a2","PRESERVE_AND_REGRESSION_TEST"
"services/execution_sidecar/state_store.py","StateStore.set_mode","285","287","function","7c416ca79740bcdc7e9d39894f47dab79196d6e21d89b375f84ed0d6e8875ad0","PRESERVE_AND_REGRESSION_TEST"
"services/execution_sidecar/state_store.py","StateStore.entries","289","290","function","f9a49211b2b9b562bfd5d19ffb90e6c5ccd05b05c624df5edff3ddc84bab1a7d","PRESERVE_AND_REGRESSION_TEST"
"services/execution_sidecar/state_store.py","StateStore.set_entries","292","295","function","e039165e4317596a6ec7ed423bd6fb445f0cedec5e66bd450275e70d29c57b42","PRESERVE_AND_REGRESSION_TEST"
"services/execution_sidecar/state_store.py","StateStore.signal_seen","297","298","function","b4ea03f46023431d6707c9687679c4dd01b5aff20c55fadadeec93151c7f4e84","PRESERVE_AND_REGRESSION_TEST"
"services/execution_sidecar/state_store.py","StateStore.signal_result","300","303","function","023a09ece4f71124d62cef47ac08ede48a09f9736ba785829c35394b390d3b8e","PRESERVE_AND_REGRESSION_TEST"
"services/execution_sidecar/state_store.py","StateStore.claim_signal","305","313","function","e37d07f3060cfe4218984e000f34810d84766425eaf265a954c14827a60fc6b4","PRESERVE_AND_REGRESSION_TEST"
"services/execution_sidecar/state_store.py","StateStore.record_signal","315","322","function","f6fed154384fba44b35f33202d4a665479be7058ac04dce5db1e9fc8e4b332f0","PRESERVE_AND_REGRESSION_TEST"
"services/execution_sidecar/state_store.py","StateStore.command_seen","324","325","function","e942438d93d5cd7a576ef77dc3c3804662f016c9b48565642a6b198b7a83c152","PRESERVE_AND_REGRESSION_TEST"
"services/execution_sidecar/state_store.py","StateStore.command_result","327","330","function","69f1ce94301e769f1221dd6d0e8186cb5cfb442fa48df77864e6987d585c61f4","PRESERVE_AND_REGRESSION_TEST"
"services/execution_sidecar/state_store.py","StateStore.claim_command","332","339","function","9a91cdd2fd56691f6765f82644d072088b18f5807bbea4e6c7a4af281cd232a8","PRESERVE_AND_REGRESSION_TEST"
"services/execution_sidecar/state_store.py","StateStore.record_command","341","347","function","91394e9fa1468543d2ae321b7f4f285d82a458137f7bee53063f9efee7490d9c","PRESERVE_AND_REGRESSION_TEST"
"services/execution_sidecar/state_store.py","StateStore.prepare_intent","350","380","function","c0c26a4c01a734b9accaf10568758cd0876c74da43475a1d2d00286ccc12c6d8","PRESERVE_AND_REGRESSION_TEST"
"services/execution_sidecar/state_store.py","StateStore.mark_intent_submitting","382","389","function","b5b133e82441b7feead5fce14d21582fb50897c570753555714ca655cdaaf85a","PRESERVE_AND_REGRESSION_TEST"
"services/execution_sidecar/state_store.py","StateStore.finish_intent","391","405","function","1dd2e27e0a08910e510a4c7d24087439c343b1806e61152359f2ba6ab3fdec79","PRESERVE_AND_REGRESSION_TEST"
"services/execution_sidecar/state_store.py","StateStore.intent","407","411","function","1ec456d9cd32b97a253766b3a92f5938dc0ce3b016a9d8e13ddb3715211a56ea","PRESERVE_AND_REGRESSION_TEST"
"services/execution_sidecar/state_store.py","StateStore.unresolved_intents","413","419","function","4b5516dd7b90b7223a4e21d4bfa069ff32c233fcdb6a62fad16b9467b9659f20","PRESERVE_AND_REGRESSION_TEST"
"services/execution_sidecar/state_store.py","StateStore.intents_for_trade","421","427","function","99057881c34d47b47486ec9a21c5a11da1d4c06dfc4fa5db6430196924fa8882","PRESERVE_AND_REGRESSION_TEST"
"services/execution_sidecar/state_store.py","StateStore.active_trade_rows","429","436","function","7a484d07d66803359ec4d1dc599290dff420777823b0e586467945806f763f1d","PRESERVE_AND_REGRESSION_TEST"
"services/execution_sidecar/state_store.py","StateStore.trade","438","443","function","50a4d430b4e22f7115b211fe3b0afa7ce796645e1e91bb09b022794e3e0fe1a0","PRESERVE_AND_REGRESSION_TEST"
"services/execution_sidecar/state_store.py","StateStore.active_trade_for_symbol","445","452","function","04629b6b8a608fc0978d991f0a0366bb40b596fd4c1001047bce41698af81119","PRESERVE_AND_REGRESSION_TEST"
"services/execution_sidecar/state_store.py","StateStore.average_entry_price_for_symbol","454","469","function","8d6552f55218fed4f6695cae4d802bf126dfca73fecad9372fc33095529e5dac","PRESERVE_AND_REGRESSION_TEST"
"services/execution_sidecar/state_store.py","StateStore.backup","471","489","function","f6303104438775527c80350b5b0bf11dca5ba6f0e4a397dd4e2ad76bb8359753","PRESERVE_AND_REGRESSION_TEST"
"services/execution_sidecar/state_store.py","StateStore.upsert_trade","491","514","function","d57ac1dad2c0f83c775460050bd96a2464f8a7ed9e06cab4468376537d435ca7","PRESERVE_AND_REGRESSION_TEST"
"services/execution_sidecar/state_store.py","StateStore.register_symbol_pair","516","522","function","fee4de8c7041b78603da7fb60d5863ab7135d7c3379c118b0d7f22e82b2d0e95","PRESERVE_AND_REGRESSION_TEST"
"services/execution_sidecar/state_store.py","StateStore.pair_for_symbol","524","529","function","9a94c4f0c5974c8d2618075954fe25cafcc023d9fd4eeebc32c96f1632efa68f","PRESERVE_AND_REGRESSION_TEST"
"services/execution_sidecar/state_store.py","StateStore._state_rank","532","548","function","835db1b72c10401266413c09bdb1c73615de96797e368dc7096a76573395fbdf","PRESERVE_AND_REGRESSION_TEST"
"services/execution_sidecar/state_store.py","StateStore._active_trade_id","550","559","function","4fc6c7f288e3958e902a050f8d01fd4b8a36293eef42714c3643446dd8d1f089","PRESERVE_AND_REGRESSION_TEST"
"services/execution_sidecar/state_store.py","StateStore._event_identity","562","579","function","fabea7432252d6f915000901dfc26ffacb4721021e19825ae1158505c25eda6b","PRESERVE_AND_REGRESSION_TEST"
"services/execution_sidecar/state_store.py","StateStore._event_updates","581","678","function","3e056b3014880f90575a7cb5c6efd6c629c6a1f621b6467288e2a4087c5ca36e","PRESERVE_AND_REGRESSION_TEST"
"services/execution_sidecar/state_store.py","StateStore._apply_event","680","686","function","f72ead73ec3f89d0335463703ac5ef88382c2d2ea6bc8665c20147a6c4e3c369","PRESERVE_AND_REGRESSION_TEST"
"services/execution_sidecar/state_store.py","StateStore._matching_trade_rows","689","701","function","e2484afac444cfed996e5a785e3c2a4ef679a6df2c38eba8254563be77f0acd3","PRESERVE_AND_REGRESSION_TEST"
"services/execution_sidecar/state_store.py","StateStore.record_exchange_event","703","723","function","f04f8f3d60552af5c9a6d45b67fe9cb3e64aa46d42551c43325cc70e6cd4818a","PRESERVE_AND_REGRESSION_TEST"
"services/execution_sidecar/state_store.py","StateStore.replay_exchange_events_for_trade","725","759","function","d96eb2f9ddb6300321c6fd996eea418e4074b1c386c50d5cab577a92cf94b9f0","PRESERVE_AND_REGRESSION_TEST"
"services/execution_sidecar/user_data_stream.py","ModernUserDataStream.__init__","35","56","function","1f16a0bb6723c03d233ac451d2f227c787b2657609cb3569279ef1d6a710cdca","PRESERVE_AND_REGRESSION_TEST"
"services/execution_sidecar/user_data_stream.py","ModernUserDataStream._write_health","58","74","function","fdd278fbcbbe650778d3fa0ee41dd17921fd952da00934614db2aa202d51452c","PRESERVE_AND_REGRESSION_TEST"
"services/execution_sidecar/user_data_stream.py","ModernUserDataStream.endpoint","77","82","function","fc88420cb95eed63dd988904fc8d7176829eb09d625ccd9e7f39331f62b6d0cc","PRESERVE_AND_REGRESSION_TEST"
"services/execution_sidecar/user_data_stream.py","ModernUserDataStream._credentials","85","90","function","9399b0e23fe977ece9f1c7067769e27d0fe7375573404dfb7c940461cd68650a","PRESERVE_AND_REGRESSION_TEST"
"services/execution_sidecar/user_data_stream.py","ModernUserDataStream._subscription_request","92","120","function","0f4fb68d6eacf14e24ecbed2d4ff0f2ba5c78aea54a0baa77adbffca00632cfd","PRESERVE_AND_REGRESSION_TEST"
"services/execution_sidecar/user_data_stream.py","ModernUserDataStream._on_open","122","134","function","cb9c4f61a49efb6a6a9d4f248e96d6ab17364c43792d6f9bfc4a8e318dbfe8db","PRESERVE_AND_REGRESSION_TEST"
"services/execution_sidecar/user_data_stream.py","ModernUserDataStream._dispatch_event","136","155","function","0f33e11ddac59d3b2c47299b56a2a3d0f7dc0da49c5bfa4af94ca4ba35bb97bd","PRESERVE_AND_REGRESSION_TEST"
"services/execution_sidecar/user_data_stream.py","ModernUserDataStream._close_socket","157","165","function","4683d3fc079064ce4cdabc094b4dd9c71f55e473ca485beb62fced463f71e3ab","PRESERVE_AND_REGRESSION_TEST"
"services/execution_sidecar/user_data_stream.py","ModernUserDataStream._on_message","167","195","function","a23f70dc2398d5795940cee7d60334b624c67d15c69b31ccd8ebe67b07dd08dd","PRESERVE_AND_REGRESSION_TEST"
"services/execution_sidecar/user_data_stream.py","ModernUserDataStream._on_pong","197","199","function","8fe01c7a5e5c3b859473d576140102e3e1066844dd28d4ffb5c51d87251d9ca0","PRESERVE_AND_REGRESSION_TEST"
"services/execution_sidecar/user_data_stream.py","ModernUserDataStream._on_error","201","207","function","585e453eec135d157c2628e0427375ec183a91643f51b3815bba4875c45f788b","PRESERVE_AND_REGRESSION_TEST"
"services/execution_sidecar/user_data_stream.py","ModernUserDataStream._on_close","209","217","function","69ee8da3b361eb77d2538bea777545a1c4cb2e5b17e9fbcf4bfd9c7ea684db50","PRESERVE_AND_REGRESSION_TEST"
"services/execution_sidecar/user_data_stream.py","ModernUserDataStream._schedule_reconnect","219","243","function","132f522b6a40485dbe846bb3a048db09030f19146cf94a84dafb992873c7959f","PRESERVE_AND_REGRESSION_TEST"
"services/execution_sidecar/user_data_stream.py","ModernUserDataStream._schedule_reconnect.reconnect","233","238","function","7d0c3c75a842c8d7893782ffc48c5765abeb39db3a5d56d9e91d9990465b6223","PRESERVE_AND_REGRESSION_TEST"
"services/execution_sidecar/user_data_stream.py","ModernUserDataStream._connect","245","270","function","14e32ef1a56aa585b681d874a0495dbb7fc8286405cb4e2c90d801cf25fa2dde","PRESERVE_AND_REGRESSION_TEST"
"services/execution_sidecar/user_data_stream.py","ModernUserDataStream.start","272","278","function","ee8a2b9c208c75f1619f67e3cc6fbe05aac90e4fd7c9e4a12e5080a83f677516","PRESERVE_AND_REGRESSION_TEST"
"services/execution_sidecar/user_data_stream.py","ModernUserDataStream.stop","280","286","function","30f799c64943071f89f766eb6af3451d839b6432199e7a2b1adaa4b70e5a0de3","PRESERVE_AND_REGRESSION_TEST"
"services/moneyflow/analytics.py","_d","9","16","function","19391bb9ef1af312da85eea92009cc46293ba1f6f3d9a5528f1357c24fec85f7","PRESERVE_AND_REGRESSION_TEST"
"services/moneyflow/analytics.py","depth_metrics","19","40","function","b89ef5c4b7ffd5d53cb200eebf1eb8ed5756508468569fd0e202046f0d71a516","PRESERVE_AND_REGRESSION_TEST"
"services/moneyflow/analytics.py","aggregate_trade_flow","43","65","function","8818e1ecd9d81a20071b214f4205d4dbc453e2c98fc164fdf32ef2dba279a2ac","PRESERVE_AND_REGRESSION_TEST"
"services/moneyflow/analytics.py","external_confluence","68","145","function","88fbbdbeaab97266b73cea1c618393bfc1651a7c2a280e14e2b37329a14afea7","PRESERVE_AND_REGRESSION_TEST"
"services/moneyflow/analytics.py","timeframe_context","148","168","function","ee81bbd75ecf5133dd6a73be3abeaabccdcd887521f618577736286b749bd4b8","PRESERVE_AND_REGRESSION_TEST"
"services/moneyflow/analytics.py","timeframe_context.ema","155","160","function","f7859413f3badd5306b4967e730af36f6edff651692201039ccca7f7c8d3a90f","PRESERVE_AND_REGRESSION_TEST"
"services/moneyflow/analytics.py","classify","171","200","function","fc8828e017054b2ce48450bb10b64afd659120d31bd71cbb5afab06e0c0a6a21","PRESERVE_AND_REGRESSION_TEST"
"services/moneyflow/client.py","MoneyFlowClient.__init__","9","10","function","f0978245c23e0e8dbaf314caba5559484e181f470184b9e31ef67a4e7d9934d1","PRESERVE_AND_REGRESSION_TEST"
"services/moneyflow/client.py","MoneyFlowClient.spot_exchange_symbol","12","17","function","7b8eb5c3e45be731ce084907b68c3a654eb0f9a40f5e50771aacb2e73bb3df1e","PRESERVE_AND_REGRESSION_TEST"
"services/moneyflow/client.py","MoneyFlowClient.spot_depth","19","20","function","d096951ac9efb6afcb1e96b8cd889c4a399db7468596a512e3d38fcc71246d8b","PRESERVE_AND_REGRESSION_TEST"
"services/moneyflow/client.py","MoneyFlowClient.spot_aggregate_trades","22","23","function","23f20411f9c0c7667151e3aec155394250ce85ce37cef06861d84cf0183989d3","PRESERVE_AND_REGRESSION_TEST"
"services/moneyflow/client.py","MoneyFlowClient.klines","25","27","function","061f622328daeb2ecea670f46138742664d9f651b1183f0d8dab44e9a22c39e6","PRESERVE_AND_REGRESSION_TEST"
"services/moneyflow/external_clients.py","ProviderHTTPError.__init__","39","42","function","4cc97217d4f30de21bb4e4dab342b2dc187fb345b8e4b110e4e13faba33fcc0a","PRESERVE_AND_REGRESSION_TEST"
"services/moneyflow/external_clients.py","_retry_after_seconds","45","60","function","de7b50fe234f4710eb73205ce5b6361f6a94cb7cbeecb881c68ca53eba6c452c","PRESERVE_AND_REGRESSION_TEST"
"services/moneyflow/external_clients.py","_read_json_response","63","97","function","32aba74d6200f7967bef8499a3dc754e85225b9e7f74b5503609df8f2adc47c7","PRESERVE_AND_REGRESSION_TEST"
"services/moneyflow/external_clients.py","_JsonTransport.__init__","101","102","function","5333f0c1dd8ad8829c16f10e6dd6bb94cc67c0f2c4aa6199f46022c94f0d3125","PRESERVE_AND_REGRESSION_TEST"
"services/moneyflow/external_clients.py","_JsonTransport.get","104","122","function","cf867226b4918bafc12df1563b3879a8ea9e03b5bac5e9e9527ac664cc036f6d","PRESERVE_AND_REGRESSION_TEST"
"services/moneyflow/external_clients.py","_number","125","144","function","01b58f65ddd815d9fa8b9e08afe4bf51138c30847f098b049f12e35a2a9e1a2d","PRESERVE_AND_REGRESSION_TEST"
"services/moneyflow/external_clients.py","_iso_epoch","147","155","function","db79ef9bfe7819dd77ba9d2f70db60a03d2e02bdfd5b28ca236fbb25f7d1877c","PRESERVE_AND_REGRESSION_TEST"
"services/moneyflow/external_clients.py","_normalized_metrics","158","181","function","d93996bd066eb0cdcef9bd7ca5b1219bda389c9c64c2aedad95cd68b8816acf6","PRESERVE_AND_REGRESSION_TEST"
"services/moneyflow/external_clients.py","CoinGeckoClient.__init__","187","190","function","71785607868918d27281ea8782823a7fb1d3f2831d347f3eec5fa48d7ba31075","PRESERVE_AND_REGRESSION_TEST"
"services/moneyflow/external_clients.py","CoinGeckoClient.fetch_bitcoin_usd","192","225","function","4ef3f2c92ee0d5754ac2f2d91acae146bb1933730474854a44a0ab2fcdc83ee2","PRESERVE_AND_REGRESSION_TEST"
"services/moneyflow/external_clients.py","CoinMarketCapClient.__init__","231","234","function","71785607868918d27281ea8782823a7fb1d3f2831d347f3eec5fa48d7ba31075","PRESERVE_AND_REGRESSION_TEST"
"services/moneyflow/external_clients.py","CoinMarketCapClient.fetch_bitcoin_usd","236","295","function","cfc9d9e4e3c5bd12e8df6e799e17f8ef358d9b1a53a7cddfcd7aae9637f867ad","PRESERVE_AND_REGRESSION_TEST"
"services/moneyflow/external_context.py","four_percent_below","39","41","function","4018ff813d4e00ec18ab39d828ef412839dda619bb3097c91acb350a53fac92c","PRESERVE_AND_REGRESSION_TEST"
"services/moneyflow/external_context.py","_month_utc","65","66","function","a1b9f669090dc6e78491ccfff3381ae8cc4f4d0e63a8f85066a5fff3cae79daf","PRESERVE_AND_REGRESSION_TEST"
"services/moneyflow/external_context.py","_minute_window","69","70","function","987b78cefe694781d6c35dee91920e26038986b42e69a0c49c12d971c67b19e9","PRESERVE_AND_REGRESSION_TEST"
"services/moneyflow/external_context.py","_safe_storage_path","73","87","function","b3d639e0c107d4b748d213036d00e79b38872026588d86bb5d301002f86f3b63","PRESERVE_AND_REGRESSION_TEST"
"services/moneyflow/external_context.py","QuotaLedger.__init__","97","100","function","9fa00899a2e170d4c399d51131ce7f79ec34890c20c02c3e0eaca6abc6a524c1","PRESERVE_AND_REGRESSION_TEST"
"services/moneyflow/external_context.py","QuotaLedger._validate_marker","102","115","function","7332cf412abb1a9519866cb831dc34bff6f5e582679f2b4204f996749529d232","PRESERVE_AND_REGRESSION_TEST"
"services/moneyflow/external_context.py","QuotaLedger._create_marker","117","138","function","42769ad2310b6e106708cc09a5906f20e2210b13023bb087643b0a5a855b08ab","PRESERVE_AND_REGRESSION_TEST"
"services/moneyflow/external_context.py","QuotaLedger._connect","140","159","function","2a1adbfc55526a455e9cb4919b678c7def815e7644fa553601dc9641437a78fb","PRESERVE_AND_REGRESSION_TEST"
"services/moneyflow/external_context.py","QuotaLedger._initialize","161","196","function","c2a7370ff7756ca5d32bad410f4c700e46bbfbb94c3a589938abffc7ed9b49a6","PRESERVE_AND_REGRESSION_TEST"
"services/moneyflow/external_context.py","QuotaLedger._validate","199","203","function","132355cb44a4958e824601fac8bd111bf6cbb6940012b595ac1be87f0267d29b","PRESERVE_AND_REGRESSION_TEST"
"services/moneyflow/external_context.py","QuotaLedger._normalize_row","206","236","function","96dbf24a9ddc6ee04f39d1d7451f2c02f030f46221a60ce10d56a7c5b6b4974b","PRESERVE_AND_REGRESSION_TEST"
"services/moneyflow/external_context.py","QuotaLedger._public","239","252","function","6a14184d78c4b03bc6bf724ad59f5edf146978ff0813b3d7db75441ecf9c23e9","PRESERVE_AND_REGRESSION_TEST"
"services/moneyflow/external_context.py","QuotaLedger._read","255","261","function","47eb2f0739afc9af8a7369df642676ab1fdcf51968eec9ae8efdfd38c7290e0e","PRESERVE_AND_REGRESSION_TEST"
"services/moneyflow/external_context.py","QuotaLedger._write","264","288","function","773fc81951972c213d326f5ab2fa65469c4589406b0b54f111d742a1749b0953","PRESERVE_AND_REGRESSION_TEST"
"services/moneyflow/external_context.py","QuotaLedger.reserve","290","356","function","b41f86568b30e3dc44ac724ef5251f21f5dcc9f1908d34a4c8327e5670eb3f60","PRESERVE_AND_REGRESSION_TEST"
"services/moneyflow/external_context.py","QuotaLedger.mark_success","358","375","function","bcf647374ef400b07653f9381ef05386db0a9a7b775fe62d4062946d6956a3cc","PRESERVE_AND_REGRESSION_TEST"
"services/moneyflow/external_context.py","QuotaLedger.mark_failure","377","424","function","927c72c770b632c5338c3bd6be9deb5eb3bc4e061d8a58abb69ffec8b1957c31","PRESERVE_AND_REGRESSION_TEST"
"services/moneyflow/external_context.py","QuotaLedger._mark","426","455","function","9e113a00ddbbb3736890d3ab84e5d6f25a561490a1f4912044a64f9d22e41879","PRESERVE_AND_REGRESSION_TEST"
"services/moneyflow/external_context.py","QuotaLedger.status","457","480","function","46fb87efa9416bd243464c9291a40cb27d2398cbbb2b387f138eed95df02a4c0","PRESERVE_AND_REGRESSION_TEST"
"services/moneyflow/external_context.py","_finite","493","503","function","5f3bb3f6596c8e34921c4f33db63636e099aa624f880c56a0d3b1244f86ece33","PRESERVE_AND_REGRESSION_TEST"
"services/moneyflow/external_context.py","_sanitize_cached","506","545","function","89707acc2684a7e6cfe4202da3bcc6b2fd17997797b3860e3aaa5187ff70804a","PRESERVE_AND_REGRESSION_TEST"
"services/moneyflow/external_context.py","ExternalContextManager.__init__","549","567","function","999a4f133ba4680cfc7cefb5abbad86d7d219cf8d026ac9da719c46fbcc42836","PRESERVE_AND_REGRESSION_TEST"
"services/moneyflow/external_context.py","ExternalContextManager.from_env","570","642","function","9223d1830ca3a3ec9c51c37422663806a41f577e475ef0de1fc31a817efddcb9","PRESERVE_AND_REGRESSION_TEST"
"services/moneyflow/external_context.py","ExternalContextManager._load_cache","644","662","function","aa953897a59ec4e77f09ca7cad4b5e99a5a0c6eee4f47a32617575b1bcb8b3de","PRESERVE_AND_REGRESSION_TEST"
"services/moneyflow/external_context.py","ExternalContextManager._save_cache","664","674","function","97ae807ed7920a8bfc743ef946eabaef51068607c708a99134e4917fd462dbb5","PRESERVE_AND_REGRESSION_TEST"
"services/moneyflow/external_context.py","ExternalContextManager._empty_quota","677","688","function","05c065fb535434e920e788877d3aed15ca4c1e29e0efdface6d3bbc20b8673e3","PRESERVE_AND_REGRESSION_TEST"
"services/moneyflow/external_context.py","ExternalContextManager._quota_status","690","698","function","a44165fc539b3732adef8772c7335867d10a9da39fa3916a47608cf7788cfe4a","PRESERVE_AND_REGRESSION_TEST"
"services/moneyflow/external_context.py","ExternalContextManager._result","700","732","function","881689f61e94cb341ee53566b83d8afc63c4f5613871e8c1d601e065401efe82","PRESERVE_AND_REGRESSION_TEST"
"services/moneyflow/external_context.py","ExternalContextManager._provider","734","873","function","8e8510ca82fd161c066ffc37c7928b46cf07bfbcc5e2177dd643bd29efaab241","PRESERVE_AND_REGRESSION_TEST"
"services/moneyflow/external_context.py","ExternalContextManager.snapshot","875","899","function","c84f7788a56fb7f4b07efb52c52c2feab22acfe7f70258257a25c8b98bd5d307","PRESERVE_AND_REGRESSION_TEST"
"services/moneyflow/service.py","collect","41","155","function","fc4913f57b6c0e03da769e394c6f64c4a70b9ee939e07f7c088b611fcaa49b2a","PRESERVE_AND_REGRESSION_TEST"
"services/moneyflow/service.py","run_once","158","187","function","4ffc48c7969182ad632ce4dd66a4b10216936b4c57749c23969eca11e50c3605","PRESERVE_AND_REGRESSION_TEST"
"services/moneyflow/service.py","main","190","240","function","891f4c73b88d84590ee8e7a4307dce523e2d7ab1925b5d83d698b402b419a496","PRESERVE_AND_REGRESSION_TEST"
"services/moneyflow/spot_stream.py","_decimal","19","26","function","00d839207115ff0c2747ab3d7afe321aa28e45e75c38083ccfc84e3b659bec10","PRESERVE_AND_REGRESSION_TEST"
"services/moneyflow/spot_stream.py","SpotMarketStream.__init__","37","58","function","00af00cb6ac53cc10f9b27982457e27cff4d02b547832b86259b61b1aef43982","PRESERVE_AND_REGRESSION_TEST"
"services/moneyflow/spot_stream.py","SpotMarketStream.endpoint","61","66","function","dcda4ad929d099a0bb66160c2c9c3497a8dee38ebe10b7ebba3fa3ed84ce8fba","PRESERVE_AND_REGRESSION_TEST"
"services/moneyflow/spot_stream.py","SpotMarketStream._reset_sample","68","74","function","17c2933cea3e56ee6562115129f064c823919d337452bb0a1ee31a6adbe0e9d2","PRESERVE_AND_REGRESSION_TEST"
"services/moneyflow/spot_stream.py","SpotMarketStream.ensure_symbol","76","104","function","4d60bd7b1c0090984434e2e7aa9a8b1e1e589361d9853ef5c51104625aede80d","PRESERVE_AND_REGRESSION_TEST"
"services/moneyflow/spot_stream.py","SpotMarketStream._run","106","137","function","9da4c2b64693265597aa7cda61f18994e8c8d7568256bde29a81930bda252560","PRESERVE_AND_REGRESSION_TEST"
"services/moneyflow/spot_stream.py","SpotMarketStream._on_open","139","146","function","0176a52497bf9339b2e6132ca710fa962d7accad1d7cb891b67173173877d64f","PRESERVE_AND_REGRESSION_TEST"
"services/moneyflow/spot_stream.py","SpotMarketStream._on_pong","148","152","function","759d2630937f27686d6c6295b5e30ec18a8c899881cb3c209cd7eda2eec30dc8","PRESERVE_AND_REGRESSION_TEST"
"services/moneyflow/spot_stream.py","SpotMarketStream._on_error","154","159","function","8a2c400b8accb1ab1aee40d3cc3de30be58345b89d7929f12a2c41d194e2ad27","PRESERVE_AND_REGRESSION_TEST"
"services/moneyflow/spot_stream.py","SpotMarketStream._on_close","161","164","function","ee1bd967594939ab92cbbd495cfe3fe0fe8d3f6fa823eb208b41bfc6fd92232f","PRESERVE_AND_REGRESSION_TEST"
"services/moneyflow/spot_stream.py","SpotMarketStream._on_message","166","194","function","1269673e33590823b6f64bfbdfda9458f7b9e1731aa38bf3e1dd486b1d8d3a15","PRESERVE_AND_REGRESSION_TEST"
"services/moneyflow/spot_stream.py","SpotMarketStream.ingest_trade","196","236","function","38b1acbb10c115da4ce54c52bd211be7e042a6456cda4c7e75bca8e4654c3aeb","PRESERVE_AND_REGRESSION_TEST"
"services/moneyflow/spot_stream.py","SpotMarketStream.ingest_book","238","268","function","bad2c8cf6ad0bf7a4a3c0d717caa7106d7306d1ea84855d771e9e28d444baa66","PRESERVE_AND_REGRESSION_TEST"
"services/moneyflow/spot_stream.py","SpotMarketStream._prune","270","273","function","d5344a2b0fa0e93395bf9a6eb33f7dc120bbddacbce8390d8e624532ddd9acb3","PRESERVE_AND_REGRESSION_TEST"
"services/moneyflow/spot_stream.py","SpotMarketStream._window","276","288","function","32a9dfaf406f1bfd1253415e1dcbc80997d2f5c153c6bd42b5593fe49f135a7f","PRESERVE_AND_REGRESSION_TEST"
"services/moneyflow/spot_stream.py","SpotMarketStream.snapshot","290","348","function","9d6b65c34c81cff2839f1faecdc27a2381074a57c5d9a7762c088ddfb9e43e84","PRESERVE_AND_REGRESSION_TEST"
"services/moneyflow/spot_stream.py","SpotMarketStream.stop","350","363","function","1f6e684cbc5463fdc6b31ea3c4a90aa87af09929ebbe31ec815ad54fb7965b1d","PRESERVE_AND_REGRESSION_TEST"
"services/telegram_broker/authorization.py","is_owner","5","8","function","64163ca832ce2057c48d116453b0c962f34c919f6bbaa41ea8c2c11195deca37","PRESERVE_AND_REGRESSION_TEST"
"services/telegram_broker/bot.py","TelegramUpdateStore.__init__","63","87","function","13235b4e15aa7277bf8fee2480c95989a839c4d6ad1118399bff2bb0e854a79d","PRESERVE_AND_REGRESSION_TEST"
"services/telegram_broker/bot.py","TelegramUpdateStore._initialize","89","138","function","c5775a49d68ede3f2c06cbdd86005a92a167e16d596cfdd5a4bfdac3481cb0e9","PRESERVE_AND_REGRESSION_TEST"
"services/telegram_broker/bot.py","TelegramUpdateStore._legacy_offset","140","153","function","c8d5fa49550a40cdb46e25ef7bf1d96136dbca61baa5ccff9de25efce6f7d0e7","PRESERVE_AND_REGRESSION_TEST"
"services/telegram_broker/bot.py","TelegramUpdateStore._offset_unlocked","155","167","function","0b3a66b7a856ffe6e4d4e1981a7f1ef922f48f2b697f1154bf211c9935f87f7e","PRESERVE_AND_REGRESSION_TEST"
"services/telegram_broker/bot.py","TelegramUpdateStore._set_offset_unlocked","169","173","function","0778ff3f45d6ce1cad3160032570273ef5dd46cca47923a4e35b2dfb26cdf679","PRESERVE_AND_REGRESSION_TEST"
"services/telegram_broker/bot.py","TelegramUpdateStore.offset","175","176","function","04e88f32a0c0e06ed366d6f6e93bae2a9905624a43ed88ab674a4ba0c931e105","PRESERVE_AND_REGRESSION_TEST"
"services/telegram_broker/bot.py","TelegramUpdateStore.claim","178","206","function","bd4091b6c942ac45c6591143b17244404d81a7cecd6e079b0a4cf253b6bcfd76","PRESERVE_AND_REGRESSION_TEST"
"services/telegram_broker/bot.py","TelegramUpdateStore.complete","208","223","function","9d0039893402398522c60335c8d78e20ede5ae597564cc054a28b9f0a2086ca7","PRESERVE_AND_REGRESSION_TEST"
"services/telegram_broker/bot.py","TelegramUpdateStore.uncertain_count","225","228","function","db3f922a95ebf9b321ec73249491b3d65a365cfda80cee7f91258183abbe37dc","PRESERVE_AND_REGRESSION_TEST"
"services/telegram_broker/bot.py","TelegramUpdateStore.close","230","231","function","22757cfc5d0e9660583f9123f56b9aa18da277525101ee68361d823314501d89","PRESERVE_AND_REGRESSION_TEST"
"services/telegram_broker/bot.py","_safe_error","234","235","function","e588b39b1c88ba97206eb4051501e8977ed60424c926c9d0b30ee189fd6fd4fc","PRESERVE_AND_REGRESSION_TEST"
"services/telegram_broker/bot.py","send","238","245","function","ea2d5934e822552932f7a4c238285f1dd3126b3b782ebe7e2f8e73ff18e85f80","PRESERVE_AND_REGRESSION_TEST"
"services/telegram_broker/bot.py","edit_or_send","248","269","function","0464510a7f8e9ff9b3933a7392557b14e7fb7efd86e50e75ac31933eb81b0050","PRESERVE_AND_REGRESSION_TEST"
"services/telegram_broker/bot.py","sidecar_command","272","294","function","d75f825eb60765b6c86f3f0eb38fb7e8b1aa65eac029cd595b7dcd950f93b274","PRESERVE_AND_REGRESSION_TEST"
"services/telegram_broker/bot.py","ft_call","297","310","function","f065d686b9de9c6ee96e3630200b44e71fdea6c41c094d156b0b30d9c1202800","PRESERVE_AND_REGRESSION_TEST"
"services/telegram_broker/bot.py","normalize_pair_input","313","317","function","083862611170c78d99b900b032f736718fbc8508a264ba2760d9092301d62230","PRESERVE_AND_REGRESSION_TEST"
"services/telegram_broker/bot.py","confirm_button","320","323","function","8eeac0f890bc1f47fbe50c4b064760d6dcb5cba5deb149abb418e2b83307be72","PRESERVE_AND_REGRESSION_TEST"
"services/telegram_broker/bot.py","_ask_confirm","326","330","function","8dfb79b6f020cd2fc93b0518110882a4b336fdba3a3367d3a0950f3d89fc22ea","PRESERVE_AND_REGRESSION_TEST"
"services/telegram_broker/bot.py","menu","333","341","function","a82743979e192b8c97ea1d05961b602a6133c25fb27d9399717d259d8adad948","PRESERVE_AND_REGRESSION_TEST"
"services/telegram_broker/bot.py","dashboard_menu","344","354","function","95bda1df3feaa5264614d61bfa8b390f308f1d09c802a414398a5bb5450a96f9","PRESERVE_AND_REGRESSION_TEST"
"services/telegram_broker/bot.py","trading_menu","357","371","function","26ee11106dcb4f0360a5fb4e1d84d637e107873ee25f387ff952d2fbbd6175b1","PRESERVE_AND_REGRESSION_TEST"
"services/telegram_broker/bot.py","system_menu","374","383","function","9bf0473faa8b09400fbad1b7f852b91a3b45899c1b7f1ff7e458a366159d732c","PRESERVE_AND_REGRESSION_TEST"
"services/telegram_broker/bot.py","emergency_menu","386","392","function","3a7be0b084c49983058db718ebeadc306d37000a45c1bb69cd54beb9f8acdb39","PRESERVE_AND_REGRESSION_TEST"
"services/telegram_broker/bot.py","help_text","395","405","function","1d90a0cf02200d8434b647798b1ce919b7c114e50c8ebb3cee24fe00ef20edc8","PRESERVE_AND_REGRESSION_TEST"
"services/telegram_broker/bot.py","_latest_signal","408","416","function","dc0f99e88cdd1f55c4bb49638fc4f6b3b1ca6e08c9967f1fc25c7137e1c97573","PRESERVE_AND_REGRESSION_TEST"
"services/telegram_broker/bot.py","_tail_audit","419","428","function","418ebe136559928b105b7e40dbc580a8429aaea25d958ac36ed94874464c7dd8","PRESERVE_AND_REGRESSION_TEST"
"services/telegram_broker/bot.py","_settings","431","450","function","0e36fe67c11187a09de5779443b325807aff622f28131e795664cad6c607a5d1","PRESERVE_AND_REGRESSION_TEST"
"services/telegram_broker/bot.py","_backtest_status","453","457","function","5641c487f8e7ceb4525025e747c6b66a5fb42f64d1fef09f4cbf55206a588d1e","PRESERVE_AND_REGRESSION_TEST"
"services/telegram_broker/bot.py","_self_audit","460","610","function","ce2bce6be49f5639670decffa62dd3164474a3aeae3378a0c3ba110313966aff","PRESERVE_AND_REGRESSION_TEST"
"services/telegram_broker/bot.py","_self_audit.record","466","469","function","6e990ff24cf9c8fdcafa481d4c8536d88b075a7e6b80c64f743ba4d7f89dfb1e","PRESERVE_AND_REGRESSION_TEST"
"services/telegram_broker/bot.py","_self_audit.object_file","471","475","function","44408d0f5d22dbcb8d2a036f00cc651f7bf94a5366da7e2595007456d5e69a78","PRESERVE_AND_REGRESSION_TEST"
"services/telegram_broker/bot.py","_self_audit.health","477","489","function","6659d253cc6934eef4490a4f9fd94f61119ee904b96294c59e931d17ec0fc6e6","PRESERVE_AND_REGRESSION_TEST"
"services/telegram_broker/bot.py","_flow_summary","613","655","function","677de9f412e1ef5ebca4a0b14c98d8365968a384595641a07c202302c2b75098","PRESERVE_AND_REGRESSION_TEST"
"services/telegram_broker/bot.py","_sidecar_json_result","658","668","function","7d8e77de1531fb56508835e477dd7a92f72367c25b88f349e0e4f50291b6432e","PRESERVE_AND_REGRESSION_TEST"
"services/telegram_broker/bot.py","_show_pairs","671","709","function","35cb8135ca217cda8139b2ea01ed29969218e0b654fb5bbed84528fb530073c2","PRESERVE_AND_REGRESSION_TEST"
"services/telegram_broker/bot.py","route","712","793","function","2acfe83c454881dd18094256b8d58048a673a3fc602af12a05cbee35d9d800ed","PRESERVE_AND_REGRESSION_TEST"
"services/telegram_broker/bot.py","_confirm_action","796","852","function","9a96d9dc9fa7fa445e64fe3706bf2b396bc38739a9098468e2ba574a8ad50ce8","PRESERVE_AND_REGRESSION_TEST"
"services/telegram_broker/bot.py","handle_message","855","932","function","7ca738cc62e3ba7b30276f72975d4675657e73ec8c16f42a03692f8fc0f9cf2f","PRESERVE_AND_REGRESSION_TEST"
"services/telegram_broker/bot.py","handle_callback","935","989","function","b2960a8e9e01d2436c4b06fc11a3f0531feffcfdb171f7e46da98df91c23538e","PRESERVE_AND_REGRESSION_TEST"
"services/telegram_broker/bot.py","_poll_backoff","992","996","function","8203b2f46c038a7b306d26fae7bf4ccb31493d65e74a0b71ddd9fcf61475e00a","PRESERVE_AND_REGRESSION_TEST"
"services/telegram_broker/bot.py","main","999","1076","function","236d7edefe6954ec1e4e1e640b36f3856dead04f1cc9e44735be8a20e64631a6","PRESERVE_AND_REGRESSION_TEST"
"services/telegram_broker/callbacks.py","CallbackStore.__init__","5","6","function","33c0c39ff7b465a1d225c69f7a87b5a29454a0cc14256c12b086f2136c439981","PRESERVE_AND_REGRESSION_TEST"
"services/telegram_broker/callbacks.py","CallbackStore._cleanup","8","10","function","fc0afd00c4f725c42e5169c7f6c4e5240067803eafb6a7826176a1185510258f","PRESERVE_AND_REGRESSION_TEST"
"services/telegram_broker/callbacks.py","CallbackStore.issue","12","17","function","6ef5f849b39714a4471133e36feca112d31461e016c555b5d95abcddc3993246","PRESERVE_AND_REGRESSION_TEST"
"services/telegram_broker/callbacks.py","CallbackStore.consume","19","31","function","e614fc12cc559e36517ab0f590582b07f5daa9fe729a1c33641f43a286908caa","PRESERVE_AND_REGRESSION_TEST"
"services/telegram_broker/callbacks.py","CallbackStore.cancel","33","42","function","f4a2cb86498952618f96937620276e3ec1591ffa399bebdd4a5ee686f2b3fd71","PRESERVE_AND_REGRESSION_TEST"
